customer_id,register_date,last_visit,age
1001,2023-09-29,2023-10-21,27
1007,2023-11-28,2023-12-19,35
1011,2024-02-25,2024-03-20,28
1012,2023-07-30,2023-08-23,22
1033,2023-10-03,2023-10-22,29
1034,2023-10-22,2023-11-17,27
1043,2023-09-24,2023-10-14,32
1050,2023-11-14,2023-12-07,23
1052,2023-10-04,2023-10-27,25
1053,2023-08-31,2023-09-23,25
1055,2024-01-21,2024-02-15,29
1062,2023-10-07,2023-10-28,24
1069,2024-02-08,2024-02-29,24
1080,2023-11-27,2023-12-21,23
1088,2023-09-15,2023-10-04,22
1104,2023-09-19,2023-10-15,26
1112,2024-01-23,2024-02-15,25
1115,2023-12-03,2023-12-21,25
1118,2023-12-13,2023-12-27,25
1121,2023-12-01,2023-12-25,30
1127,2023-08-30,2023-09-29,29
1134,2023-10-11,2023-11-01,26
1139,2024-02-10,2024-03-04,27
1140,2023-12-18,2024-01-08,25
1150,2023-08-27,2023-09-18,29
1154,2024-02-14,2024-03-11,25
1165,2024-03-01,2024-03-28,24
1178,2023-08-09,2023-09-04,27
1182,2023-12-25,2024-01-19,23
1183,2023-10-21,2023-11-10,28
1191,2024-02-09,2024-03-05,25
1192,2023-07-21,2023-08-11,26
1197,2023-10-15,2023-11-07,23
1198,2024-01-24,2024-02-16,26
1203,2023-10-27,2023-11-18,29
1219,2024-02-01,2024-02-22,26
1226,2023-09-20,2023-10-13,24
1228,2024-01-21,2024-02-10,21
1240,2024-01-01,2024-01-21,28
1241,2023-07-11,2023-08-09,25
1242,2023-07-10,2023-08-03,23
1245,2023-10-01,2023-10-24,23
1247,2023-08-03,2023-08-26,27
1248,2023-09-20,2023-10-11,27
1249,2023-08-24,2023-09-17,26
1252,2024-01-24,2024-02-10,25
1256,2024-01-19,2024-02-14,25
1261,2023-12-14,2024-01-03,21
1264,2023-11-02,2023-11-25,27
1272,2024-02-18,2024-03-08,28
1273,2023-12-09,2024-01-01,21
1280,2023-12-14,2023-12-31,24
1292,2023-07-19,2023-08-12,24
1305,2023-11-19,2023-12-11,24
1313,2024-02-22,2024-03-13,25
1314,2023-08-25,2023-09-17,25
1324,2023-08-12,2023-09-06,28
1336,2024-01-31,2024-02-23,27
1351,2023-08-26,2023-09-13,28
1358,2024-02-21,2024-03-15,24
1364,2023-07-20,2023-08-15,29
1366,2023-08-20,2023-09-12,24
1367,2024-01-02,2024-01-23,20
1376,2023-10-08,2023-10-26,23
1383,2023-09-12,2023-10-09,28
1390,2023-08-28,2023-09-15,25
1395,2024-03-05,2024-03-29,29
1396,2023-10-22,2023-11-16,25
1401,2023-11-09,2023-12-01,29
1403,2023-12-29,2024-01-18,22
1405,2024-03-05,2024-03-24,26
1408,2023-07-28,2023-08-21,22
1411,2023-12-08,2023-12-29,30
1412,2023-10-25,2023-11-15,30
1427,2023-09-29,2023-10-19,28
1437,2023-08-31,2023-09-16,25
1441,2023-11-06,2023-11-25,29
1445,2023-11-10,2023-12-02,25
1446,2023-12-05,2023-12-21,24
1453,2023-08-03,2023-08-25,25
1464,2023-08-11,2023-09-05,24
1467,2024-01-26,2024-02-19,24
1469,2023-08-27,2023-09-20,23
1471,2023-07-21,2023-08-15,27
1473,2023-09-19,2023-10-07,25
1475,2023-07-22,2023-08-21,27
1478,2023-12-01,2023-12-19,26
1485,2024-02-09,2024-03-01,27
1488,2023-07-24,2023-08-19,24
1489,2023-08-14,2023-09-03,25
1498,2023-09-20,2023-10-17,25
1499,2023-11-12,2023-12-03,25
1506,2024-01-27,2024-02-12,28
1507,2024-03-01,2024-03-27,30
1508,2023-10-31,2023-11-25,29
1512,2023-08-31,2023-09-21,23
1513,2024-03-03,2024-03-25,19
1518,2023-08-05,2023-08-27,28
1522,2023-12-11,2024-01-04,30
1523,2024-03-04,2024-03-26,27
1524,2023-12-13,2024-01-03,30
1529,2023-08-13,2023-09-04,25
1531,2023-11-19,2023-12-14,31
1532,2023-12-01,2023-12-22,23
1535,2023-10-19,2023-11-14,30
1536,2023-12-19,2024-01-11,22
1540,2023-12-18,2024-01-05,27
1551,2023-12-04,2023-12-24,22
1554,2023-07-07,2023-08-02,27
1568,2023-12-31,2024-01-24,29
1574,2023-09-28,2023-10-16,28
1575,2023-11-16,2023-12-10,29
1577,2023-10-03,2023-10-29,26
1581,2023-10-08,2023-10-28,32
1594,2023-10-13,2023-11-02,27
1614,2024-01-29,2024-02-19,25
1615,2023-07-18,2023-08-07,27
1631,2023-10-12,2023-11-03,25
1645,2023-10-19,2023-11-16,25
1661,2023-09-21,2023-10-13,23
1671,2023-08-18,2023-09-08,25
1675,2023-11-26,2023-12-19,28
1678,2023-12-12,2024-01-06,24
1679,2023-09-18,2023-10-10,26
1684,2024-01-12,2024-02-07,24
1705,2023-08-29,2023-09-25,25
1715,2024-03-09,2024-03-28,30
1716,2023-12-24,2024-01-17,22
1717,2024-01-09,2024-02-05,26
1720,2023-08-15,2023-09-11,27
1725,2024-01-04,2024-01-31,26
1735,2023-08-06,2023-09-05,23
1745,2023-10-05,2023-10-23,25
1748,2024-01-19,2024-02-12,23
1751,2023-11-02,2023-11-26,28
1758,2023-07-14,2023-08-07,26
1767,2023-09-01,2023-09-23,31
1769,2023-11-17,2023-12-07,24
1771,2023-12-29,2024-01-19,22
1785,2023-11-05,2023-11-28,26
1789,2023-12-30,2024-01-20,24
1795,2023-10-25,2023-11-14,28
1796,2023-08-31,2023-09-16,27
1799,2023-11-12,2023-12-01,22
1806,2023-11-22,2023-12-19,27
1807,2023-10-31,2023-11-27,23
1810,2023-12-08,2023-12-28,26
1811,2023-11-08,2023-11-26,27
1813,2023-07-30,2023-08-21,26
1814,2024-02-11,2024-03-01,26
1825,2024-02-13,2024-03-07,25
1836,2023-11-18,2023-12-15,21
1843,2023-07-30,2023-08-26,26
1847,2023-07-18,2023-08-09,27
1853,2023-07-20,2023-08-15,26
1868,2023-07-18,2023-08-10,27
1869,2024-02-12,2024-03-03,24
1891,2023-11-08,2023-11-30,25
1892,2023-11-13,2023-11-29,20
1897,2023-11-10,2023-12-03,27
1905,2023-12-24,2024-01-17,27
1917,2023-09-18,2023-10-11,28
1920,2023-12-11,2023-12-30,22
1922,2024-02-05,2024-02-24,21
1931,2023-08-24,2023-09-18,26
1932,2023-12-06,2024-01-01,26
1937,2023-10-11,2023-10-30,24
1943,2023-08-14,2023-09-06,24
1947,2023-09-17,2023-10-07,22
1948,2023-08-27,2023-09-19,26
1953,2023-12-10,2023-12-30,26
1971,2023-07-26,2023-08-19,26
1996,2023-10-16,2023-11-08,23
1998,2023-09-07,2023-09-29,30
2002,2023-12-20,2024-01-14,29
2007,2024-01-25,2024-02-18,25
2011,2023-10-07,2023-10-28,23
2012,2023-11-29,2023-12-24,33
2015,2023-12-02,2023-12-25,28
2018,2023-12-19,2024-01-11,23
2022,2024-02-02,2024-02-18,24
2023,2024-02-16,2024-03-12,24
2024,2024-01-04,2024-01-30,28
2026,2024-03-09,2024-03-29,27
2027,2023-09-12,2023-10-08,23
2029,2024-01-01,2024-01-22,26
2044,2023-08-29,2023-09-18,30
2048,2024-02-19,2024-03-14,25
2050,2023-10-26,2023-11-16,29
2052,2024-02-25,2024-03-13,28
2054,2023-12-22,2024-01-08,23
2060,2023-11-05,2023-11-27,25
2061,2023-12-04,2023-12-27,25
2074,2024-01-30,2024-02-25,25
2079,2023-12-09,2023-12-28,31
2083,2023-12-31,2024-01-23,27
2084,2023-08-12,2023-09-06,27
2088,2023-12-01,2023-12-21,24
2090,2023-12-16,2024-01-10,24
2101,2024-02-19,2024-03-07,23
2102,2024-01-18,2024-02-15,21
2103,2023-12-17,2024-01-07,30
2104,2023-07-22,2023-08-11,29
2117,2023-11-25,2023-12-16,28
2120,2024-01-20,2024-02-17,23
2121,2023-10-03,2023-10-17,24
2122,2023-09-22,2023-10-16,24
2136,2024-01-10,2024-02-01,24
2140,2023-12-06,2023-12-31,25
2145,2023-07-04,2023-08-02,26
2148,2023-09-12,2023-10-03,22
2149,2023-08-18,2023-09-04,30
2151,2023-07-18,2023-08-07,30
2157,2023-10-01,2023-10-24,24
2158,2023-12-03,2023-12-24,23
2160,2023-09-15,2023-10-06,24
2166,2023-08-22,2023-09-11,25
2171,2023-11-06,2023-11-26,25
2180,2023-11-09,2023-12-03,26
2183,2023-12-25,2024-01-14,24
2185,2023-12-25,2024-01-16,21
2195,2024-03-09,2024-03-28,24
2196,2024-01-30,2024-02-19,22
2197,2024-02-21,2024-03-18,27
2209,2023-08-01,2023-08-24,28
2220,2024-01-14,2024-02-04,24
2223,2023-08-21,2023-09-15,27
2228,2023-07-27,2023-08-19,31
2230,2023-09-15,2023-10-07,24
2236,2024-02-14,2024-03-05,24
2238,2023-10-18,2023-11-10,24
2240,2023-08-19,2023-09-11,19
2243,2023-08-15,2023-09-01,26
2248,2023-12-25,2024-01-14,22
2271,2023-10-23,2023-11-17,25
2277,2024-03-05,2024-03-25,21
2301,2023-08-13,2023-09-05,25
2305,2024-02-27,2024-03-19,27
2311,2024-02-23,2024-03-16,26
2322,2023-10-12,2023-11-05,29
2324,2023-12-18,2024-01-11,22
2333,2023-11-19,2023-12-09,26
2334,2023-09-17,2023-10-12,22
2342,2023-11-23,2023-12-14,23
2348,2023-10-19,2023-11-05,24
2350,2023-11-04,2023-12-01,28
2355,2023-09-19,2023-10-09,31
2356,2023-12-28,2024-01-16,29
2360,2024-02-27,2024-03-18,25
2367,2024-01-20,2024-02-12,28
2370,2023-07-19,2023-08-13,29
2372,2023-08-24,2023-09-18,24
2375,2023-09-10,2023-09-29,23
2382,2023-11-12,2023-12-08,28
2388,2024-01-11,2024-02-04,23
2395,2023-07-13,2023-08-05,28
2406,2023-12-25,2024-01-19,29
2409,2023-08-02,2023-08-27,30
2415,2023-12-11,2024-01-07,26
2419,2023-12-05,2023-12-27,26
2424,2023-07-14,2023-08-08,27
2425,2024-02-21,2024-03-17,23
2427,2024-01-21,2024-02-16,29
2429,2023-08-23,2023-09-19,27
2440,2023-09-16,2023-10-06,31
2444,2023-08-18,2023-09-13,25
2447,2023-11-12,2023-12-03,25
2448,2023-08-30,2023-09-27,26
2452,2023-07-14,2023-08-03,29
2455,2023-10-07,2023-10-25,22
2464,2023-09-17,2023-10-09,29
2466,2023-11-13,2023-12-08,24
2468,2024-02-07,2024-03-02,25
2472,2023-12-26,2024-01-19,25
1002,2023-03-13,2023-08-02,28
1003,2023-03-24,2023-11-10,32
1008,2023-10-30,2024-02-25,27
1009,2023-05-04,2023-09-04,28
1017,2023-05-07,2023-11-06,33
1020,2023-10-11,2024-03-02,30
1024,2022-12-28,2023-08-30,32
1025,2023-05-16,2023-11-24,27
1027,2023-01-22,2023-08-08,32
1028,2023-07-15,2023-12-28,31
1030,2023-03-24,2023-09-13,30
1035,2023-08-09,2024-02-02,33
1038,2023-04-20,2023-09-05,29
1039,2023-07-05,2024-02-13,36
1041,2023-04-23,2023-10-16,24
1045,2024-01-19,2024-03-08,27
1047,2023-02-01,2023-08-31,29
1048,2023-01-15,2023-09-16,30
1051,2023-05-07,2023-09-24,33
1054,2023-10-15,2024-02-24,29
1065,2023-07-10,2023-11-14,29
1067,2023-10-04,2024-02-06,28
1070,2023-06-05,2024-01-05,29
1073,2023-08-20,2023-11-29,29
1074,2023-03-17,2023-09-24,30
1075,2023-08-08,2023-12-22,27
1076,2023-04-16,2023-08-12,27
1081,2023-09-12,2023-12-23,26
1086,2023-06-08,2023-12-22,31
1087,2023-06-22,2023-12-18,31
1089,2023-06-22,2023-12-14,30
1091,2023-10-09,2024-02-28,26
1092,2023-03-23,2023-08-03,28
1093,2023-07-15,2023-12-22,35
1094,2023-02-26,2023-08-30,29
1095,2023-09-01,2024-03-24,33
1096,2023-05-23,2023-08-23,26
1101,2023-04-09,2023-10-31,29
1103,2023-03-06,2023-11-23,30
1107,2023-05-20,2023-11-12,30
1113,2023-07-31,2023-11-26,29
1114,2022-12-10,2023-08-05,36
1116,2023-08-11,2024-02-28,29
1119,2023-06-06,2023-11-12,31
1120,2023-04-19,2023-11-16,36
1126,2023-02-23,2023-10-04,32
1129,2023-05-12,2023-11-29,30
1136,2023-02-21,2023-08-30,31
1137,2023-08-09,2023-12-27,28
1142,2023-07-24,2023-10-23,24
1146,2023-09-05,2024-02-14,29
1147,2023-07-08,2023-12-28,24
1153,2023-11-27,2024-02-26,26
1156,2023-08-13,2024-02-16,29
1157,2023-09-25,2024-03-18,31
1159,2023-04-03,2023-09-01,24
1161,2023-09-16,2024-01-08,25
1162,2024-01-19,2024-04-01,26
1163,2023-05-28,2023-08-16,23
1169,2023-10-19,2024-02-20,31
1170,2023-04-06,2023-09-07,30
1172,2023-10-18,2024-03-31,30
1174,2023-09-06,2024-03-13,29
1176,2023-06-29,2023-12-20,26
1185,2023-04-11,2023-09-05,34
1186,2023-07-07,2024-03-12,33
1187,2023-05-28,2023-12-29,36
1188,2023-05-24,2023-11-22,33
1193,2023-07-01,2024-03-24,34
1196,2023-05-29,2023-10-05,29
1199,2023-05-19,2023-11-13,33
1200,2023-03-05,2023-10-24,26
1204,2023-02-06,2023-08-02,26
1207,2023-08-10,2024-03-06,30
1210,2023-09-22,2024-02-17,26
1211,2023-06-21,2024-02-09,29
1212,2023-06-09,2023-10-14,27
1214,2023-03-29,2023-10-06,25
1217,2023-08-30,2024-01-27,26
1218,2023-10-19,2024-02-06,28
1220,2023-09-09,2023-12-29,25
1221,2023-08-22,2024-01-01,28
1229,2023-08-08,2024-02-12,30
1230,2023-08-14,2024-02-26,31
1231,2023-06-21,2023-09-24,24
1232,2023-06-29,2023-08-06,31
1233,2023-09-05,2024-01-10,26
1235,2023-06-19,2023-12-28,30
1238,2023-06-21,2024-01-18,28
1255,2023-05-31,2023-12-21,35
1257,2023-05-24,2023-10-25,26
1258,2023-02-19,2023-09-29,31
1260,2023-03-05,2023-11-09,26
1263,2023-11-23,2024-03-31,28
1265,2023-09-29,2024-03-21,28
1266,2023-04-03,2023-08-12,27
1267,2023-10-21,2024-03-26,27
1270,2023-02-09,2023-09-18,25
1271,2022-12-09,2023-09-11,36
1274,2023-06-10,2024-01-13,27
1275,2023-05-01,2023-10-21,28
1276,2023-09-17,2024-01-20,27
1277,2023-04-08,2023-09-04,33
1278,2023-06-09,2024-01-05,28
1279,2023-08-14,2024-03-03,28
1284,2023-09-29,2024-03-21,31
1286,2023-06-14,2024-01-05,31
1287,2023-08-16,2024-02-22,31
1289,2023-04-22,2023-12-12,31
1295,2023-04-27,2023-10-06,34
1296,2023-04-15,2023-10-19,30
1298,2023-02-07,2023-08-07,28
1301,2023-09-23,2024-01-27,26
1302,2022-12-24,2023-08-14,36
1303,2023-03-31,2023-10-12,32
1304,2023-05-15,2023-12-21,31
1306,2023-08-23,2023-12-27,30
1308,2023-09-17,2024-01-10,24
1310,2023-02-28,2023-10-05,31
1315,2023-05-23,2023-10-30,32
1320,2023-05-25,2023-12-08,27
1321,2023-08-26,2024-01-10,28
1322,2023-12-09,2024-02-26,27
1325,2023-08-16,2024-02-22,31
1326,2023-03-27,2023-08-20,31
1327,2023-09-15,2024-02-26,30
1331,2023-04-21,2023-08-10,28
1337,2023-03-20,2023-08-25,32
1338,2023-09-22,2024-02-10,25
1340,2023-02-28,2023-08-25,25
1341,2023-03-24,2023-09-23,29
1345,2023-02-21,2023-09-02,30
1346,2023-07-21,2024-01-11,32
1349,2023-04-19,2023-11-03,34
1350,2023-04-24,2023-08-14,25
1352,2023-04-01,2023-10-04,23
1355,2023-06-02,2023-11-18,31
1357,2023-04-11,2023-10-19,29
1359,2023-06-08,2023-09-23,30
1361,2024-01-06,2024-03-25,26
1362,2023-07-17,2023-12-03,29
1363,2023-06-17,2024-01-27,29
1373,2023-08-16,2023-12-09,29
1378,2023-10-29,2024-03-14,29
1381,2023-09-20,2024-01-16,29
1382,2023-07-17,2023-12-12,28
1384,2023-03-18,2023-08-25,27
1385,2023-05-04,2023-12-19,33
1388,2023-05-02,2023-11-25,30
1389,2023-10-17,2024-03-13,30
1393,2023-09-16,2023-12-14,25
1398,2023-09-06,2023-12-27,27
1399,2023-10-15,2024-03-13,31
1402,2023-08-19,2024-02-12,30
1413,2023-01-29,2023-08-25,33
1414,2023-06-12,2023-10-18,28
1415,2023-07-23,2023-10-07,27
1418,2023-08-05,2024-01-20,28
1419,2023-11-12,2024-02-04,25
1420,2023-03-24,2023-08-12,31
1421,2023-03-24,2023-09-01,32
1423,2023-07-24,2023-12-06,26
1425,2023-06-19,2023-11-04,29
1426,2023-03-17,2023-10-31,29
1431,2023-08-02,2023-12-19,27
1432,2023-03-13,2023-08-31,28
1435,2023-04-28,2023-10-17,28
1438,2023-03-13,2023-08-20,32
1444,2023-06-26,2023-12-24,34
1447,2023-11-12,2024-03-08,29
1450,2022-12-10,2023-09-29,34
1451,2023-07-18,2024-02-07,32
1455,2023-05-06,2023-12-12,37
1457,2023-08-13,2024-01-07,30
1461,2023-07-03,2023-11-01,33
1462,2023-01-19,2023-09-12,27
1463,2023-06-15,2023-12-08,29
1474,2022-12-18,2023-09-29,30
1477,2023-07-28,2023-12-29,30
1479,2023-10-06,2024-02-27,28
1480,2023-02-27,2023-08-31,27
1481,2023-12-12,2024-03-30,28
1482,2023-01-05,2023-08-05,32
1483,2023-09-25,2024-02-27,35
1484,2023-08-16,2024-01-09,27
1490,2023-03-22,2023-08-10,30
1491,2023-06-18,2023-10-28,23
1494,2023-05-04,2023-12-08,32
1496,2023-05-24,2023-12-04,26
1500,2023-04-07,2023-08-11,29
1501,2023-08-26,2024-01-25,33
1503,2023-07-18,2024-01-06,31
1504,2023-03-27,2023-09-25,31
1509,2023-08-10,2024-02-23,26
1510,2023-11-19,2024-02-17,26
1517,2023-11-28,2024-03-02,35
1520,2023-05-27,2023-10-22,28
1525,2023-05-21,2023-12-15,33
1530,2023-06-03,2023-11-07,31
1533,2023-08-02,2023-12-27,29
1534,2023-05-11,2023-10-12,31
1538,2023-09-09,2024-01-03,25
1541,2023-07-28,2024-02-06,26
1543,2023-09-12,2024-03-25,33
1544,2023-05-13,2023-11-23,29
1547,2023-03-03,2023-08-07,31
1548,2023-04-26,2023-10-19,30
1549,2023-07-30,2023-12-22,32
1550,2023-07-19,2023-11-05,31
1552,2023-05-04,2023-08-04,27
1553,2023-02-10,2023-08-04,35
1558,2023-05-05,2023-11-11,27
1559,2023-03-25,2023-09-09,26
1560,2023-04-09,2023-08-17,29
1565,2023-04-23,2023-11-09,27
1567,2023-05-18,2023-11-11,33
1570,2023-06-06,2023-12-02,33
1571,2023-03-08,2023-09-21,28
1573,2023-11-20,2024-03-08,26
1578,2023-05-14,2023-09-21,33
1580,2023-11-25,2024-01-11,28
1582,2023-04-14,2023-12-02,30
1584,2023-06-19,2024-01-13,28
1591,2023-12-28,2024-03-18,25
1595,2023-09-18,2024-01-25,30
1596,2023-04-30,2023-10-02,29
1605,2023-10-21,2024-03-16,33
1608,2023-05-31,2023-11-24,23
1609,2023-08-01,2024-02-07,29
1611,2023-04-21,2023-10-01,30
1612,2023-09-12,2024-03-14,35
1618,2023-02-08,2023-08-07,30
1619,2023-06-03,2024-01-02,34
1623,2023-01-14,2023-10-31,31
1624,2023-09-27,2024-03-01,29
1626,2023-02-03,2023-08-14,35
1627,2023-09-07,2024-02-15,34
1630,2023-08-31,2024-03-16,31
1632,2023-04-17,2023-10-25,36
1633,2023-08-15,2023-12-11,28
1635,2023-10-15,2024-01-30,25
1636,2023-05-23,2023-12-08,32
1646,2023-03-04,2023-10-01,31
1647,2023-11-13,2024-03-06,27
1648,2023-09-22,2023-12-27,21
1649,2023-09-30,2024-03-17,27
1651,2023-03-24,2023-10-18,28
1652,2023-06-19,2023-12-27,31
1653,2023-06-10,2023-12-16,27
1658,2023-08-03,2024-03-02,29
1659,2023-06-09,2023-09-27,30
1662,2023-05-26,2023-11-28,29
1673,2023-08-11,2024-01-14,25
1680,2023-05-02,2023-12-11,31
1683,2023-03-08,2023-10-04,29
1685,2023-04-14,2023-08-13,29
1686,2023-08-21,2024-02-29,28
1688,2023-07-12,2024-03-05,32
1692,2023-11-17,2024-03-29,25
1695,2023-09-21,2024-03-24,28
1697,2023-05-09,2024-02-29,35
1699,2023-08-29,2024-01-28,29
1700,2023-07-29,2023-10-21,27
1707,2023-12-13,2024-03-16,28
1709,2023-08-26,2024-01-20,28
1710,2023-10-23,2024-01-07,27
1711,2023-07-09,2024-01-11,29
1712,2023-10-16,2024-02-25,31
1719,2023-10-03,2024-03-14,32
1723,2023-11-02,2024-03-28,26
1724,2023-08-19,2024-02-04,29
1727,2023-08-25,2023-12-17,30
1731,2023-07-25,2024-02-07,27
1732,2023-05-23,2023-12-27,31
1733,2023-06-02,2023-09-21,33
1737,2023-07-05,2024-01-30,33
1738,2023-07-13,2023-11-25,26
1740,2023-01-26,2023-08-26,32
1742,2023-07-16,2024-02-12,32
1743,2023-04-29,2023-09-03,26
1747,2023-06-19,2023-09-21,26
1749,2023-03-28,2023-11-20,29
1752,2023-05-26,2023-10-21,28
1755,2023-07-14,2024-03-19,34
1756,2023-12-27,2024-03-14,28
1757,2023-11-02,2024-03-20,34
1759,2023-08-08,2024-03-08,33
1763,2023-09-07,2024-01-27,29
1765,2023-09-08,2024-01-04,33
1766,2023-08-24,2024-01-13,25
1774,2023-02-05,2023-09-11,32
1777,2023-03-16,2023-08-21,30
1778,2023-03-12,2023-09-11,24
1779,2023-05-07,2023-12-19,37
1780,2023-07-19,2023-11-21,29
1781,2023-04-09,2023-11-13,32
1786,2023-09-28,2024-02-08,29
1788,2023-03-09,2023-08-17,26
1791,2023-07-17,2023-11-28,25
1792,2023-04-11,2023-12-15,31
1793,2023-06-08,2024-01-16,29
1797,2023-08-04,2023-12-07,28
1798,2023-08-30,2023-12-08,26
1800,2023-03-27,2023-09-29,28
1802,2023-03-11,2023-09-17,34
1803,2023-02-04,2023-08-29,30
1805,2023-05-15,2023-11-05,30
1808,2023-04-19,2023-08-10,30
1815,2023-10-27,2024-03-29,26
1816,2022-12-11,2023-09-27,27
1820,2023-11-13,2024-02-04,25
1824,2023-09-01,2024-03-19,31
1828,2023-03-22,2023-08-21,29
1829,2023-03-21,2023-08-28,32
1831,2023-08-16,2024-02-19,35
1834,2023-04-24,2023-09-03,30
1838,2023-02-22,2023-08-08,23
1839,2023-06-17,2024-02-03,33
1841,2023-11-03,2024-03-01,29
1848,2023-10-03,2024-02-16,28
1849,2023-07-26,2024-01-24,24
1851,2023-02-25,2023-10-18,32
1857,2023-06-12,2023-12-23,27
1858,2023-08-08,2024-02-04,28
1860,2023-06-22,2023-10-26,31
1861,2023-05-24,2023-10-27,36
1862,2023-06-27,2024-01-20,30
1863,2023-07-01,2024-02-27,27
1865,2023-03-24,2023-10-08,29
1872,2023-07-12,2024-01-07,30
1876,2023-09-28,2024-01-19,30
1877,2023-06-26,2024-02-09,35
1881,2023-05-02,2023-10-26,28
1884,2023-03-26,2023-11-09,34
1886,2023-01-27,2023-08-08,35
1890,2023-04-21,2023-10-16,30
1894,2023-09-09,2024-02-16,30
1903,2023-03-19,2023-10-26,31
1906,2023-04-14,2023-09-12,26
1910,2023-04-25,2023-12-07,28
1912,2023-05-07,2023-11-17,28
1914,2023-07-29,2024-01-26,26
1918,2023-08-27,2023-12-30,28
1921,2023-07-27,2024-03-14,33
1923,2023-09-08,2023-12-30,24
1927,2023-03-16,2023-08-17,28
1928,2023-05-15,2023-12-11,36
1933,2023-08-12,2023-12-26,26
1939,2023-01-18,2023-08-21,30
1941,2023-09-08,2024-03-19,31
1942,2023-06-04,2023-09-27,27
1949,2023-07-08,2024-01-06,25
1950,2023-07-31,2023-11-18,28
1951,2023-07-07,2024-03-15,30
1956,2023-06-18,2023-12-17,33
1959,2023-08-11,2024-01-27,30
1961,2023-07-17,2023-12-21,28
1966,2023-08-25,2024-02-27,29
1968,2023-05-04,2023-12-13,34
1969,2023-06-25,2024-03-30,28
1970,2022-12-08,2023-08-28,33
1972,2023-04-26,2023-09-20,29
1976,2023-08-28,2024-03-22,28
1978,2023-10-16,2024-02-02,36
1979,2022-11-12,2023-08-05,34
1981,2023-03-27,2023-08-05,29
1984,2023-07-17,2023-11-02,29
1985,2023-04-10,2023-11-04,32
1986,2023-03-01,2023-08-08,26
1989,2023-06-03,2023-10-03,31
1990,2023-05-14,2023-12-16,31
1991,2023-02-22,2023-09-07,32
1993,2023-05-04,2023-11-19,27
1999,2023-10-28,2024-03-11,28
2001,2023-05-25,2023-11-20,31
2003,2023-10-24,2024-03-07,28
2004,2023-01-17,2023-10-20,33
2005,2023-08-28,2024-03-10,31
2006,2023-05-18,2023-12-14,33
2009,2023-07-05,2023-11-12,29
2014,2023-11-04,2023-12-31,23
2017,2023-03-24,2023-10-12,32
2020,2023-09-28,2024-02-10,23
2025,2023-09-26,2024-02-23,25
2031,2023-07-26,2024-01-25,30
2035,2023-10-12,2024-02-11,32
2037,2023-02-18,2023-09-18,32
2040,2023-06-27,2023-09-05,29
2041,2023-06-06,2023-12-04,32
2043,2023-03-18,2023-10-07,24
2045,2023-07-23,2023-10-17,23
2051,2023-05-16,2023-11-13,29
2053,2023-10-10,2024-01-16,28
2056,2023-09-07,2024-03-04,30
2058,2023-06-22,2023-11-30,29
2059,2023-06-04,2023-11-27,30
2062,2023-07-24,2024-02-06,25
2065,2023-07-13,2023-11-22,33
2077,2023-04-21,2023-08-10,27
2080,2023-04-11,2023-12-27,28
2085,2023-10-11,2024-01-11,29
2086,2023-08-11,2023-12-18,31
2091,2023-07-30,2023-10-30,26
2092,2023-08-23,2024-03-19,33
2093,2023-01-09,2023-08-02,29
2098,2023-06-26,2023-11-26,28
2107,2023-01-31,2023-08-13,28
2108,2023-11-01,2024-01-28,25
2110,2023-08-08,2024-01-07,24
2113,2023-04-29,2023-11-03,29
2114,2023-06-01,2023-12-22,30
2115,2023-05-21,2023-09-01,31
2123,2023-02-03,2023-09-01,34
2124,2023-08-08,2023-12-02,24
2125,2023-09-24,2024-03-13,32
2130,2023-01-05,2023-08-11,32
2131,2023-01-30,2023-08-10,33
2134,2023-02-28,2023-08-15,31
2137,2023-02-18,2023-08-17,27
2138,2023-07-11,2024-01-15,31
2139,2023-08-19,2023-12-24,28
2142,2023-08-15,2024-01-30,27
2143,2023-10-03,2024-02-17,31
2146,2023-06-06,2023-12-31,35
2147,2023-10-19,2024-03-19,31
2150,2023-07-28,2023-09-28,27
2152,2023-04-30,2023-10-17,31
2153,2023-05-28,2023-12-02,26
2154,2023-11-19,2024-03-04,30
2155,2023-03-18,2023-11-22,35
2163,2023-01-10,2023-08-22,36
2165,2023-07-16,2024-03-31,31
2167,2023-07-12,2024-01-05,30
2170,2023-12-03,2024-02-28,28
2172,2023-10-01,2024-02-29,29
2174,2023-08-18,2024-01-19,28
2175,2023-04-23,2023-09-01,28
2176,2023-08-20,2024-01-26,27
2178,2023-07-08,2024-01-21,31
2179,2023-04-29,2023-11-21,31
2182,2023-03-08,2023-11-28,31
2186,2023-04-23,2023-12-27,36
2189,2023-12-18,2024-03-14,24
2191,2023-08-10,2023-11-30,29
2193,2023-04-09,2023-09-01,23
2198,2023-07-06,2024-03-09,28
2200,2023-07-19,2023-11-27,28
2204,2023-04-21,2023-09-08,30
2205,2024-02-04,2024-03-28,27
2206,2023-03-27,2023-08-12,30
2207,2023-11-04,2024-03-20,31
2211,2023-05-24,2024-01-22,37
2213,2022-12-30,2023-08-18,34
2214,2023-07-10,2023-12-27,33
2217,2023-08-01,2023-12-19,30
2218,2023-07-28,2023-12-27,34
2225,2023-06-25,2023-12-04,31
2234,2023-06-29,2023-12-14,30
2237,2023-05-11,2023-09-15,24
2241,2023-05-09,2023-11-12,35
2242,2023-10-22,2024-03-25,29
2244,2023-07-09,2023-12-13,28
2245,2023-03-14,2023-12-29,35
2249,2023-11-07,2024-03-23,28
2250,2023-07-18,2024-03-11,33
2251,2023-11-26,2024-02-19,29
2254,2023-02-16,2023-10-25,34
2257,2023-06-01,2023-12-28,32
2259,2023-08-23,2024-03-22,29
2261,2023-05-24,2023-10-28,30
2263,2023-03-16,2023-08-22,29
2267,2023-05-01,2023-10-31,29
2268,2023-04-07,2023-08-29,27
2270,2022-11-07,2023-08-13,36
2272,2023-10-15,2024-02-26,31
2274,2023-02-27,2023-08-02,27
2279,2023-03-11,2023-08-29,27
2280,2023-06-15,2024-02-29,29
2281,2023-07-30,2024-02-23,35
2282,2023-09-15,2024-01-27,25
2285,2022-12-02,2023-08-27,36
2292,2023-03-07,2023-09-19,32
2293,2023-04-26,2023-11-03,28
2294,2023-09-18,2024-02-23,32
2298,2023-08-25,2024-03-30,29
2299,2023-07-23,2023-12-29,27
2303,2023-03-25,2023-10-27,32
2304,2023-04-29,2023-09-13,30
2306,2023-07-31,2024-02-21,32
2307,2023-03-12,2023-08-22,29
2309,2023-07-27,2024-01-18,33
2312,2023-08-29,2024-01-12,27
2313,2023-06-03,2024-02-05,26
2314,2023-07-01,2023-11-05,34
2315,2023-08-12,2024-01-31,30
2316,2022-12-03,2023-08-03,31
2317,2023-09-15,2024-02-07,26
2327,2023-05-04,2023-11-26,32
2328,2023-02-09,2023-08-19,30
2329,2023-05-10,2023-08-23,24
2330,2023-09-03,2024-01-04,30
2331,2023-03-06,2023-08-30,30
2335,2023-06-23,2023-09-08,29
2337,2023-07-12,2023-11-16,31
2341,2023-05-25,2023-11-19,30
2343,2023-02-01,2023-08-25,28
2344,2023-03-10,2023-12-06,27
2351,2023-08-29,2024-03-16,33
2352,2023-06-15,2023-11-19,33
2353,2023-08-04,2023-12-14,29
2354,2023-04-02,2023-11-14,36
2359,2023-11-02,2024-02-02,25
2362,2023-08-13,2023-12-22,29
2363,2023-05-24,2023-10-11,27
2364,2023-06-29,2023-12-07,31
2366,2023-07-17,2023-11-16,24
2373,2023-03-26,2023-08-05,29
2376,2022-12-16,2023-08-03,33
2377,2023-09-14,2024-02-09,27
2379,2023-09-04,2023-12-10,27
2384,2023-06-10,2023-11-12,31
2386,2023-07-12,2024-03-14,33
2389,2023-04-09,2024-03-11,32
2393,2022-12-20,2023-10-03,34
2398,2023-07-30,2023-11-14,25
2399,2023-06-22,2023-11-06,28
2403,2023-10-29,2024-03-22,29
2404,2023-08-09,2024-03-04,25
2405,2023-05-12,2023-08-10,29
2407,2023-05-05,2023-12-27,31
2408,2023-06-03,2023-12-06,36
2414,2023-02-15,2023-09-15,31
2418,2023-10-20,2024-03-18,33
2421,2023-07-12,2024-03-06,30
2428,2023-07-10,2024-01-02,31
2430,2023-03-29,2023-10-05,33
2431,2023-07-19,2024-01-16,31
2432,2023-06-27,2023-11-20,28
2433,2023-02-23,2023-08-13,30
2437,2023-07-03,2023-12-15,29
2439,2023-10-15,2024-03-31,26
2442,2023-08-06,2024-01-11,24
2443,2023-04-28,2023-10-25,33
2446,2023-12-02,2024-03-21,32
2449,2023-04-23,2023-10-29,26
2450,2023-06-24,2023-09-27,24
2451,2023-05-28,2023-09-23,29
2453,2022-12-28,2023-08-12,33
2456,2023-09-15,2024-02-25,26
2457,2023-06-09,2024-02-22,26
2459,2023-04-05,2023-08-14,26
2461,2023-07-03,2023-11-29,29
2463,2023-07-02,2024-01-09,30
2469,2023-09-21,2024-01-28,30
2470,2023-03-14,2023-11-29,34
2471,2023-01-28,2023-08-20,31
2475,2023-06-04,2023-10-14,28
2476,2023-05-09,2023-12-22,25
1004,2023-05-12,2024-06-09,35
1005,2023-04-19,2024-05-26,33
1006,2023-06-14,2024-07-10,36
1010,2023-07-28,2024-08-10,36
1013,2023-05-08,2024-07-20,37
1014,2023-05-13,2024-08-03,36
1015,2023-05-31,2024-08-10,39
1016,2023-06-28,2024-04-20,29
1018,2023-08-18,2024-08-16,35
1019,2023-04-16,2024-04-24,38
1021,2023-09-22,2024-09-01,27
1022,2022-11-25,2024-05-07,41
1023,2023-04-23,2024-05-24,38
1026,2023-07-05,2024-07-12,31
1029,2023-07-04,2024-08-27,37
1031,2023-03-20,2024-05-08,35
1032,2023-09-02,2024-09-21,34
1036,2023-05-17,2024-04-04,33
1037,2023-04-24,2024-05-27,34
1040,2023-07-15,2024-09-20,35
1042,2023-01-06,2024-04-20,42
1044,2023-02-23,2024-04-17,36
1046,2023-04-20,2024-07-28,31
1049,2023-03-04,2024-06-10,37
1056,2023-04-10,2024-04-04,37
1057,2023-03-13,2024-04-14,36
1058,2023-02-23,2024-04-03,41
1059,2023-05-01,2024-06-19,38
1060,2023-04-11,2024-05-25,32
1061,2023-02-08,2024-08-10,37
1063,2023-07-22,2024-07-29,39
1064,2023-02-20,2024-04-24,37
1066,2023-07-11,2024-09-09,42
1068,2023-07-09,2024-09-05,39
1071,2023-07-08,2024-06-21,33
1072,2023-05-28,2024-08-25,40
1077,2023-06-05,2024-09-06,38
1078,2023-03-12,2024-05-30,38
1079,2023-05-15,2024-08-25,41
1082,2023-02-11,2024-05-19,33
1083,2023-04-06,2024-06-02,35
1084,2023-04-07,2024-07-19,37
1085,2023-08-14,2024-08-28,33
1090,2023-07-20,2024-08-30,39
1097,2023-01-22,2024-07-18,40
1098,2023-04-24,2024-06-15,36
1099,2023-03-12,2024-04-30,38
1100,2023-03-24,2024-05-28,35
1102,2023-06-02,2024-07-26,36
1105,2023-07-23,2024-09-06,34
1106,2023-07-10,2024-07-09,35
1108,2023-01-28,2024-04-19,38
1109,2023-04-18,2024-09-23,36
1110,2023-06-27,2024-09-20,35
1111,2023-05-24,2024-07-03,43
1117,2023-09-12,2024-09-30,35
1122,2023-05-28,2024-07-22,36
1123,2023-07-15,2024-09-30,33
1124,2023-09-05,2024-08-24,35
1125,2023-01-22,2024-06-02,40
1128,2023-02-28,2024-07-25,43
1130,2023-04-21,2024-07-22,29
1131,2023-03-01,2024-05-17,33
1132,2023-05-01,2024-05-27,37
1133,2022-12-13,2024-07-27,40
1135,2023-06-01,2024-05-15,34
1138,2023-07-24,2024-09-08,33
1141,2023-10-01,2024-08-23,36
1143,2023-01-31,2024-04-04,35
1144,2023-05-12,2024-08-26,42
1145,2023-04-23,2024-05-17,33
1148,2023-06-13,2024-08-21,37
1149,2023-03-11,2024-05-17,39
1151,2023-09-12,2024-06-17,30
1152,2023-07-30,2024-08-02,34
1155,2023-07-28,2024-06-14,35
1158,2023-07-06,2024-07-12,37
1160,2023-07-23,2024-08-15,38
1164,2023-05-02,2024-06-29,39
1166,2023-10-09,2024-08-22,32
1167,2023-05-20,2024-06-08,38
1168,2023-03-06,2024-05-31,39
1171,2023-04-25,2024-08-16,39
1173,2023-05-27,2024-05-20,35
1175,2023-02-21,2024-04-03,36
1177,2023-09-22,2024-07-16,32
1179,2023-02-13,2024-07-22,38
1180,2023-07-11,2024-07-03,33
1181,2023-06-17,2024-07-27,31
1184,2023-06-29,2024-06-20,35
1189,2023-06-27,2024-07-18,31
1190,2023-02-25,2024-05-21,38
1194,2023-03-05,2024-08-25,37
1195,2023-08-14,2024-09-17,37
1201,2023-04-09,2024-05-05,34
1202,2023-03-20,2024-05-16,39
1205,2023-05-11,2024-09-01,40
1206,2023-07-01,2024-06-08,31
1208,2023-06-06,2024-07-02,35
1209,2023-06-03,2024-06-03,38
1213,2023-10-10,2024-09-12,28
1215,2023-06-14,2024-05-19,29
1216,2023-03-14,2024-08-27,38
1222,2023-03-23,2024-06-13,31
1223,2022-11-28,2024-04-05,38
1224,2023-05-21,2024-07-09,35
1225,2023-01-23,2024-06-09,37
1227,2023-03-30,2024-06-29,34
1234,2023-04-11,2024-04-04,36
1236,2023-08-20,2024-08-04,35
1237,2023-03-31,2024-05-09,34
1239,2023-05-20,2024-09-10,39
1243,2023-05-05,2024-08-07,33
1244,2022-12-27,2024-04-24,41
1246,2023-03-25,2024-05-27,35
1250,2023-05-28,2024-07-09,36
1251,2023-06-23,2024-06-09,35
1253,2023-03-12,2024-05-11,37
1254,2023-08-10,2024-09-29,31
1259,2023-07-04,2024-09-21,35
1262,2023-05-07,2024-05-30,33
1268,2023-05-13,2024-07-17,38
1269,2023-03-30,2024-05-27,34
1281,2023-01-26,2024-05-01,33
1282,2023-05-23,2024-06-23,29
1283,2023-09-06,2024-08-30,34
1285,2023-05-09,2024-05-06,31
1288,2023-08-01,2024-09-05,36
1290,2023-05-30,2024-08-30,37
1291,2023-06-18,2024-07-17,35
1293,2023-05-12,2024-07-15,34
1294,2023-07-20,2024-09-05,33
1297,2023-04-17,2024-06-25,32
1299,2023-11-08,2024-08-13,37
1300,2023-08-16,2024-09-10,34
1307,2023-10-01,2024-09-30,28
1309,2023-02-26,2024-04-14,36
1311,2023-07-17,2024-07-29,41
1312,2023-04-04,2024-08-16,37
1316,2023-03-24,2024-06-19,40
1317,2023-10-29,2024-08-22,32
1318,2023-08-22,2024-09-29,36
1319,2023-05-28,2024-07-15,37
1323,2023-06-19,2024-06-09,34
1328,2023-04-22,2024-05-14,37
1329,2023-05-05,2024-06-12,32
1330,2023-08-04,2024-05-15,33
1332,2023-11-21,2024-10-01,31
1333,2023-08-28,2024-07-16,34
1334,2023-04-09,2024-06-23,40
1335,2023-04-15,2024-06-21,34
1339,2023-07-09,2024-07-16,35
1342,2023-02-11,2024-04-21,39
1343,2023-09-23,2024-09-25,38
1344,2023-10-12,2024-09-08,34
1347,2023-03-17,2024-04-07,35
1348,2023-04-25,2024-06-09,33
1353,2023-08-08,2024-08-05,35
1354,2023-09-24,2024-08-21,34
1356,2023-08-02,2024-09-07,38
1360,2023-06-02,2024-08-26,38
1365,2023-10-05,2024-08-21,32
1368,2023-10-19,2024-09-23,29
1369,2023-07-24,2024-08-27,39
1370,2023-10-20,2024-09-17,34
1371,2023-09-17,2024-09-01,37
1372,2023-08-09,2024-07-29,36
1374,2023-03-05,2024-08-06,36
1375,2023-09-21,2024-08-20,34
1377,2023-01-21,2024-05-27,42
1379,2023-06-16,2024-09-12,38
1380,2023-02-01,2024-05-28,36
1386,2023-04-28,2024-04-21,32
1387,2023-04-24,2024-06-21,44
1391,2023-04-25,2024-06-08,30
1392,2023-05-22,2024-08-09,36
1394,2023-05-18,2024-06-26,33
1397,2023-11-05,2024-09-12,38
1400,2023-05-28,2024-05-19,36
1404,2023-07-15,2024-08-25,33
1406,2023-06-26,2024-07-24,35
1407,2023-03-28,2024-06-28,40
1409,2023-03-08,2024-06-24,37
1410,2023-05-02,2024-08-06,34
1416,2023-08-13,2024-08-18,38
1417,2023-09-20,2024-09-16,33
1422,2023-08-27,2024-09-08,41
1424,2023-09-04,2024-09-25,35
1428,2023-04-03,2024-07-26,40
1429,2023-05-31,2024-08-05,38
1430,2023-03-13,2024-06-10,34
1433,2023-07-22,2024-06-25,33
1434,2023-05-16,2024-05-03,34
1436,2023-03-12,2024-06-20,41
1439,2023-05-06,2024-08-30,36
1440,2023-03-31,2024-05-31,38
1442,2023-01-16,2024-05-31,36
1443,2023-08-13,2024-07-07,33
1448,2023-01-24,2024-04-28,43
1449,2023-05-07,2024-05-13,36
1452,2023-07-25,2024-09-16,39
1454,2023-09-05,2024-09-14,38
1456,2023-07-22,2024-06-25,35
1458,2023-07-12,2024-09-24,37
1459,2023-06-16,2024-04-17,43
1460,2023-05-31,2024-07-07,34
1465,2023-07-22,2024-07-07,36
1466,2023-05-03,2024-06-04,32
1468,2023-01-23,2024-06-13,39
1470,2023-07-26,2024-06-24,34
1472,2023-03-19,2024-04-05,32
1476,2023-01-27,2024-04-02,33
1486,2023-03-07,2024-04-22,38
1487,2023-03-24,2024-07-21,41
1492,2023-03-26,2024-05-27,37
1493,2023-06-11,2024-06-05,37
1495,2023-02-03,2024-06-13,38
1497,2023-05-06,2024-07-07,36
1502,2023-08-09,2024-08-22,35
1505,2023-09-30,2024-07-21,27
1511,2023-08-14,2024-09-26,32
1514,2023-07-11,2024-08-03,31
1515,2023-08-13,2024-09-14,38
1516,2023-03-12,2024-06-25,35
1519,2023-03-30,2024-06-15,34
1521,2023-07-15,2024-06-27,35
1526,2023-04-23,2024-09-15,40
1527,2023-03-14,2024-05-08,33
1528,2023-05-26,2024-05-29,38
1537,2023-09-30,2024-08-16,29
1539,2023-06-21,2024-07-08,32
1542,2022-12-08,2024-06-02,37
1545,2023-02-12,2024-05-19,37
1546,2023-02-17,2024-05-02,43
1555,2023-06-08,2024-08-13,38
1556,2023-03-09,2024-04-21,36
1557,2023-06-17,2024-04-20,36
1561,2023-08-09,2024-09-01,35
1562,2023-04-19,2024-08-05,37
1563,2023-03-10,2024-06-07,35
1564,2023-04-19,2024-07-19,39
1566,2023-07-16,2024-07-25,33
1569,2023-01-31,2024-08-21,36
1572,2023-04-04,2024-07-29,39
1576,2023-04-25,2024-06-18,30
1579,2023-06-02,2024-07-25,36
1583,2023-06-12,2024-07-01,32
1585,2023-04-07,2024-04-14,31
1586,2023-07-07,2024-09-02,35
1587,2023-06-14,2024-08-03,35
1588,2023-07-11,2024-09-15,37
1589,2023-05-19,2024-05-28,32
1590,2023-05-10,2024-04-28,33
1592,2023-06-19,2024-04-26,32
1593,2023-06-12,2024-07-22,37
1597,2023-06-17,2024-06-05,33
1598,2023-06-27,2024-08-31,34
1599,2023-06-13,2024-08-09,38
1600,2023-02-24,2024-05-14,37
1601,2023-04-06,2024-07-06,39
1602,2023-05-22,2024-05-12,36
1603,2023-05-21,2024-04-06,29
1604,2023-09-02,2024-09-14,32
1606,2023-07-15,2024-09-27,33
1607,2023-05-11,2024-04-23,33
1610,2023-05-23,2024-06-28,36
1613,2023-06-24,2024-08-01,38
1616,2023-05-10,2024-09-25,40
1617,2023-10-11,2024-09-18,31
1620,2023-08-31,2024-08-25,36
1621,2023-05-05,2024-05-21,37
1622,2023-05-12,2024-04-11,34
1625,2023-02-25,2024-04-12,33
1628,2023-05-23,2024-06-13,32
1629,2023-02-22,2024-04-08,39
1634,2023-07-07,2024-08-30,39
1637,2023-02-21,2024-05-11,34
1638,2023-07-18,2024-09-11,37
1639,2023-07-12,2024-06-24,34
1640,2023-01-08,2024-06-11,36
1641,2023-03-29,2024-05-25,31
1642,2023-08-17,2024-08-15,33
1643,2023-04-21,2024-05-17,39
1644,2023-04-09,2024-08-21,41
1650,2023-06-22,2024-09-23,37
1654,2023-10-03,2024-07-13,33
1655,2023-05-02,2024-05-12,37
1656,2023-02-10,2024-05-30,33
1657,2023-03-18,2024-04-12,35
1660,2023-09-10,2024-08-08,39
1663,2023-02-06,2024-04-07,34
1664,2023-04-02,2024-06-19,38
1665,2023-07-09,2024-08-09,33
1666,2023-04-14,2024-07-18,38
1667,2023-03-02,2024-04-03,33
1668,2023-03-04,2024-04-27,34
1669,2023-09-27,2024-07-23,32
1670,2023-02-13,2024-07-16,44
1672,2023-04-12,2024-05-10,36
1674,2023-08-09,2024-09-08,35
1676,2023-08-03,2024-08-07,33
1677,2023-04-17,2024-04-08,32
1681,2023-04-24,2024-07-10,38
1682,2023-08-06,2024-09-07,37
1687,2023-08-09,2024-08-02,30
1689,2023-09-26,2024-09-23,34
1690,2023-04-24,2024-07-16,34
1691,2023-06-11,2024-07-10,38
1693,2023-03-16,2024-04-04,35
1694,2023-07-05,2024-07-19,40
1696,2022-11-13,2024-04-19,43
1698,2023-01-15,2024-05-02,37
1701,2023-05-09,2024-08-15,38
1702,2023-03-22,2024-04-12,37
1703,2023-07-29,2024-08-17,38
1704,2023-02-02,2024-05-16,36
1706,2023-08-10,2024-07-28,34
1708,2022-12-30,2024-04-16,36
1713,2023-05-08,2024-08-07,36
1714,2023-04-08,2024-06-02,39
1718,2023-08-03,2024-07-18,35
1721,2023-06-18,2024-07-28,34
1722,2023-01-12,2024-04-21,32
1726,2023-10-27,2024-09-05,33
1728,2022-12-01,2024-04-13,42
1729,2023-07-27,2024-09-09,35
1730,2023-05-08,2024-04-04,34
1734,2023-11-19,2024-09-03,33
1736,2023-07-28,2024-07-11,40
1739,2023-06-02,2024-05-29,33
1741,2023-06-14,2024-08-06,35
1744,2023-06-03,2024-04-27,31
1746,2023-07-08,2024-06-08,32
1750,2023-03-19,2024-04-25,37
1753,2023-07-11,2024-08-09,34
1754,2023-04-25,2024-07-06,36
1760,2023-03-18,2024-04-25,38
1761,2023-05-27,2024-08-26,40
1762,2023-05-14,2024-09-09,43
1764,2023-07-08,2024-09-01,36
1768,2023-08-28,2024-08-04,32
1770,2023-08-07,2024-08-11,31
1772,2023-03-14,2024-04-09,35
1773,2023-06-30,2024-07-25,32
1775,2023-06-02,2024-09-25,37
1776,2023-09-08,2024-08-12,31
1782,2023-06-02,2024-05-30,32
1783,2023-08-12,2024-09-19,33
1784,2023-05-04,2024-07-30,37
1787,2023-08-23,2024-08-17,37
1790,2023-08-19,2024-09-22,37
1794,2023-03-24,2024-07-17,40
1801,2023-05-11,2024-07-17,31
1804,2023-05-12,2024-08-09,36
1809,2023-02-22,2024-06-15,43
1812,2023-03-20,2024-04-30,41
1817,2023-02-10,2024-04-21,37
1818,2023-06-21,2024-09-03,39
1819,2023-07-25,2024-09-08,31
1821,2023-06-16,2024-09-10,33
1822,2023-10-10,2024-09-27,36
1823,2023-01-13,2024-05-04,35
1826,2023-04-23,2024-05-11,38
1827,2023-05-23,2024-05-21,37
1830,2023-05-14,2024-09-22,36
1832,2023-04-07,2024-06-21,35
1833,2023-02-08,2024-05-28,36
1835,2023-07-19,2024-06-14,36
1837,2022-12-29,2024-04-23,34
1840,2023-09-26,2024-09-23,31
1842,2023-06-30,2024-08-06,38
1844,2023-08-08,2024-08-28,38
1845,2023-05-11,2024-04-17,35
1846,2023-06-03,2024-06-08,31
1850,2023-07-26,2024-07-17,34
1852,2023-07-08,2024-08-17,35
1854,2023-08-09,2024-07-03,36
1855,2022-12-13,2024-04-15,34
1856,2023-07-14,2024-06-30,38
1859,2023-09-09,2024-09-10,36
1864,2023-02-22,2024-05-03,35
1866,2023-09-01,2024-08-03,32
1867,2023-02-04,2024-04-16,38
1870,2023-07-23,2024-09-09,37
1871,2023-05-16,2024-06-05,37
1873,2023-09-05,2024-09-15,33
1874,2023-08-13,2024-09-03,33
1875,2023-03-06,2024-05-17,34
1878,2023-08-03,2024-09-14,35
1879,2023-11-19,2024-08-26,29
1880,2023-05-15,2024-08-02,42
1882,2023-01-18,2024-04-01,36
1883,2023-01-30,2024-06-26,34
1885,2023-08-01,2024-08-06,35
1887,2023-05-22,2024-06-06,34
1888,2023-04-01,2024-04-04,35
1889,2023-06-09,2024-08-31,37
1893,2023-06-17,2024-05-17,36
1895,2023-03-29,2024-05-08,35
1896,2023-08-23,2024-08-21,36
1898,2023-02-08,2024-04-21,32
1899,2023-05-27,2024-05-27,35
1900,2023-06-27,2024-07-26,35
1901,2023-06-25,2024-09-28,39
1902,2023-04-11,2024-05-16,34
1904,2023-05-27,2024-08-20,39
1907,2023-08-13,2024-08-23,36
1908,2022-12-28,2024-05-09,37
1909,2023-10-18,2024-08-15,34
1911,2023-07-13,2024-07-08,34
1913,2023-06-04,2024-06-16,33
1915,2023-08-07,2024-07-24,38
1916,2023-06-06,2024-08-12,33
1919,2023-07-12,2024-08-29,35
1924,2023-04-01,2024-06-30,32
1925,2023-06-04,2024-07-07,35
1926,2023-03-23,2024-07-29,40
1929,2023-04-25,2024-05-16,36
1930,2023-02-22,2024-05-08,40
1934,2023-05-27,2024-08-20,42
1935,2023-05-04,2024-07-09,37
1936,2023-06-08,2024-06-11,36
1938,2023-05-07,2024-05-05,32
1940,2023-08-02,2024-08-25,36
1944,2023-01-28,2024-04-30,34
1945,2023-07-06,2024-06-17,38
1946,2023-04-18,2024-06-23,37
1952,2023-03-29,2024-07-22,40
1954,2023-04-24,2024-04-25,32
1955,2023-09-14,2024-09-15,36
1957,2023-03-01,2024-06-27,42
1958,2023-04-24,2024-04-14,34
1960,2023-09-20,2024-09-01,31
1962,2023-03-03,2024-07-11,36
1963,2023-10-19,2024-08-28,34
1964,2023-09-01,2024-09-23,38
1965,2023-06-06,2024-06-22,34
1967,2023-07-07,2024-07-19,37
1973,2023-09-12,2024-09-26,36
1974,2023-08-21,2024-08-09,36
1975,2023-09-19,2024-09-17,38
1977,2023-02-22,2024-04-19,35
1980,2023-05-13,2024-04-28,37
1982,2023-05-15,2024-09-20,33
1983,2023-06-26,2024-06-10,36
1987,2023-03-29,2024-06-02,39
1988,2023-04-06,2024-06-12,35
1992,2023-04-16,2024-08-02,37
1994,2023-07-05,2024-07-28,37
1995,2023-07-30,2024-07-30,32
1997,2023-04-04,2024-04-19,33
2000,2023-05-31,2024-09-22,32
2008,2023-09-07,2024-08-20,35
2010,2023-06-06,2024-07-29,38
2013,2023-07-27,2024-09-13,36
2016,2023-10-08,2024-09-28,33
2019,2023-05-31,2024-05-31,33
2021,2023-08-06,2024-09-11,39
2028,2023-09-22,2024-09-15,37
2030,2022-11-17,2024-04-30,37
2032,2023-03-11,2024-04-09,35
2033,2023-05-01,2024-06-03,39
2034,2023-06-23,2024-09-08,37
2036,2023-04-25,2024-07-29,40
2038,2023-05-11,2024-05-22,37
2039,2023-07-30,2024-06-28,29
2042,2023-07-27,2024-08-20,40
2046,2023-06-19,2024-05-23,37
2047,2023-02-05,2024-06-17,37
2049,2023-02-18,2024-05-11,38
2055,2023-03-08,2024-06-07,41
2057,2023-01-31,2024-04-08,35
2063,2023-04-07,2024-04-02,33
2064,2023-05-12,2024-07-14,35
2066,2023-08-04,2024-08-03,37
2067,2023-08-06,2024-07-19,36
2068,2023-05-31,2024-06-25,32
2069,2023-03-20,2024-09-16,39
2070,2023-02-23,2024-07-29,39
2071,2023-07-04,2024-08-05,38
2072,2023-09-08,2024-09-30,34
2073,2023-02-09,2024-04-16,32
2075,2023-03-14,2024-06-01,33
2076,2023-11-26,2024-07-22,33
2078,2023-09-01,2024-09-23,31
2081,2023-08-24,2024-09-05,35
2082,2023-04-06,2024-04-12,37
2087,2022-12-07,2024-05-05,41
2089,2023-04-24,2024-04-11,32
2094,2023-05-23,2024-06-03,38
2095,2023-03-03,2024-05-20,41
2096,2023-04-16,2024-08-27,37
2097,2023-03-06,2024-06-08,39
2099,2023-02-19,2024-05-18,33
2100,2023-02-06,2024-04-20,34
2105,2023-05-05,2024-07-10,38
2106,2023-11-04,2024-09-19,36
2109,2023-07-13,2024-09-08,33
2111,2023-05-07,2024-08-15,38
2112,2023-06-10,2024-06-07,36
2116,2023-01-19,2024-05-05,35
2118,2022-12-15,2024-06-04,38
2119,2023-02-10,2024-04-08,36
2126,2023-06-06,2024-05-15,34
2127,2022-12-22,2024-06-26,40
2128,2024-01-29,2024-09-22,30
2129,2023-07-30,2024-09-15,34
2132,2023-05-31,2024-06-15,35
2133,2023-07-31,2024-09-29,39
2135,2023-03-15,2024-06-15,38
2141,2023-09-11,2024-09-21,37
2144,2023-07-25,2024-05-17,29
2156,2023-06-12,2024-04-15,31
2159,2023-06-18,2024-07-14,35
2161,2023-04-07,2024-08-25,39
2162,2023-04-05,2024-04-26,36
2164,2023-01-20,2024-05-22,40
2168,2023-06-30,2024-07-02,34
2169,2023-08-02,2024-08-28,35
2173,2023-02-16,2024-04-21,39
2177,2023-04-05,2024-05-21,33
2181,2023-06-21,2024-05-08,34
2184,2023-02-17,2024-04-20,37
2187,2023-10-03,2024-09-04,32
2188,2023-09-25,2024-09-26,34
2190,2023-05-31,2024-08-10,46
2192,2023-07-09,2024-05-25,32
2194,2023-06-09,2024-07-01,36
2199,2023-03-02,2024-04-28,38
2201,2023-02-26,2024-04-04,33
2202,2023-04-24,2024-08-28,37
2203,2023-04-06,2024-06-15,32
2208,2023-06-02,2024-09-20,39
2210,2023-02-05,2024-06-06,38
2212,2023-04-09,2024-06-25,34
2215,2023-08-20,2024-09-09,35
2216,2023-06-23,2024-06-30,32
2219,2023-06-22,2024-09-30,38
2221,2023-04-12,2024-07-14,32
2222,2023-04-13,2024-04-01,35
2224,2023-03-21,2024-06-11,41
2226,2023-03-08,2024-06-26,36
2227,2023-08-26,2024-09-13,39
2229,2023-02-05,2024-04-06,35
2231,2023-09-03,2024-08-31,37
2232,2023-06-26,2024-08-23,33
2233,2023-05-13,2024-05-31,32
2235,2023-02-24,2024-04-12,34
2239,2023-06-07,2024-04-06,36
2246,2023-02-16,2024-04-27,39
2247,2023-09-17,2024-08-14,30
2252,2023-05-23,2024-08-02,36
2253,2023-03-28,2024-07-15,35
2255,2023-07-28,2024-07-02,39
2256,2023-08-14,2024-07-18,30
2258,2023-05-20,2024-07-08,35
2260,2023-08-14,2024-09-15,35
2262,2023-04-16,2024-08-20,37
2264,2023-06-07,2024-05-05,30
2265,2023-08-03,2024-09-23,34
2266,2023-05-07,2024-06-23,40
2269,2023-05-19,2024-05-26,38
2273,2023-08-03,2024-09-24,38
2275,2023-05-31,2024-08-19,40
2276,2023-04-08,2024-05-19,37
2278,2023-05-22,2024-05-16,34
2283,2023-07-07,2024-07-22,34
2284,2023-09-28,2024-08-14,33
2286,2023-02-24,2024-05-13,41
2287,2023-09-05,2024-08-26,34
2288,2023-05-28,2024-08-02,40
2289,2023-06-22,2024-07-06,39
2290,2023-07-23,2024-06-29,34
2291,2023-05-11,2024-05-09,35
2295,2023-06-24,2024-06-24,30
2296,2023-08-20,2024-09-24,35
2297,2023-06-14,2024-06-01,32
2300,2023-05-26,2024-07-15,38
2302,2023-06-12,2024-07-16,32
2308,2023-03-18,2024-05-24,39
2310,2023-06-30,2024-08-04,34
2318,2023-03-02,2024-04-09,37
2319,2023-08-17,2024-06-27,33
2320,2023-06-19,2024-05-07,34
2321,2023-05-28,2024-05-19,36
2323,2023-04-21,2024-05-11,39
2325,2023-05-13,2024-04-17,34
2326,2023-04-29,2024-06-27,36
2332,2023-03-29,2024-04-21,36
2336,2023-04-15,2024-05-21,36
2338,2023-04-30,2024-05-29,35
2339,2023-03-06,2024-09-14,48
2340,2023-07-10,2024-09-30,38
2345,2023-01-26,2024-05-11,37
2346,2022-12-23,2024-05-09,38
2347,2023-08-02,2024-08-19,34
2349,2023-04-28,2024-04-11,34
2357,2023-08-15,2024-08-25,37
2358,2023-08-16,2024-08-17,31
2361,2023-06-15,2024-06-16,32
2365,2023-06-30,2024-08-05,35
2368,2023-01-26,2024-05-16,38
2369,2023-03-23,2024-05-15,36
2371,2023-03-12,2024-04-01,36
2374,2023-09-27,2024-09-15,33
2378,2023-07-03,2024-07-17,38
2380,2023-02-20,2024-04-19,38
2381,2023-06-08,2024-06-15,36
2383,2023-05-27,2024-06-11,33
2385,2023-06-15,2024-07-18,40
2387,2023-04-26,2024-04-12,37
2390,2023-07-17,2024-09-08,38
2391,2023-03-09,2024-05-15,34
2392,2023-07-10,2024-06-29,38
2394,2023-05-18,2024-07-12,38
2396,2023-03-15,2024-04-08,37
2397,2023-10-04,2024-08-31,36
2400,2023-05-14,2024-06-30,37
2401,2023-08-23,2024-09-21,34
2402,2023-06-28,2024-06-26,35
2410,2023-08-10,2024-09-05,38
2411,2023-08-29,2024-09-22,35
2412,2023-09-30,2024-09-24,35
2413,2023-09-19,2024-09-22,40
2416,2023-05-17,2024-06-23,34
2417,2023-07-03,2024-06-21,31
2420,2023-06-03,2024-08-24,37
2422,2023-04-21,2024-06-07,35
2423,2023-09-14,2024-09-08,31
2426,2023-07-07,2024-08-05,36
2434,2023-06-21,2024-09-11,37
2435,2023-06-18,2024-06-21,32
2436,2023-09-07,2024-08-25,34
2438,2023-08-29,2024-09-03,32
2441,2023-07-05,2024-09-15,37
2445,2023-06-12,2024-06-23,38
2454,2023-06-10,2024-07-22,36
2458,2023-05-18,2024-06-15,35
2460,2023-07-26,2024-07-31,32
2462,2023-06-10,2024-08-21,33
2465,2022-12-29,2024-05-11,41
2467,2023-07-27,2024-09-14,39
2473,2023-02-13,2024-04-02,40
2474,2023-01-03,2024-04-29,37
