id,latitude,longitude
1001,-6.561607354906467,106.78930730300274
1002,-6.5803723120012,106.78197387133169
1003,-6.575348788107323,106.79881992172518
1004,-6.5699271064635,106.77922761306952
1005,-6.571274842199732,106.79476438344408
1006,-6.556217933451052,106.77732474874588
1007,-6.580907963285495,106.77393081462071
1008,-6.580743563939461,106.79445273374932
1009,-6.563604217833836,106.78987813246066
1010,-6.574364162201823,106.77353421164325
1011,-6.560647833906673,106.78345491125718
1012,-6.561427523342848,106.78326876105865
1013,-6.540790433806472,106.7971991043611
1014,-6.572537573903424,106.77729515521727
1015,-6.571787251263757,106.7818019114193
1016,-6.591172327169564,106.79501219649366
1017,-6.5484405489078465,106.78658073875508
1018,-6.5793246847542575,106.77887018153268
1019,-6.609696340762462,106.78190109709253
1020,-6.57743022921869,106.79419641625576
1021,-6.531521228141352,106.79493699830611
1022,-6.558083042612916,106.78631459625518
1023,-6.580724359507967,106.78595588520474
1024,-6.559562284156109,106.75763535100414
1025,-6.562657893212641,106.77018130485202
1026,-6.550584514827282,106.78565543308447
1027,-6.5831136607617875,106.76733680374213
1028,-6.59586064257867,106.77489239457354
1029,-6.5599241368101735,106.79073776178778
1030,-6.51378814777211,106.78144754384152
1031,-6.562433898509632,106.80890014939457
1032,-6.561850405092411,106.76954311275072
1033,-6.542918314138209,106.76765769240258
1034,-6.579114334202205,106.79906019881177
1035,-6.593474524110351,106.77144497643052
1036,-6.577952062683561,106.77994811181021
1037,-6.563068142082986,106.77694347550528
1038,-6.548651622699242,106.78002017493827
1039,-6.590235253869252,106.78276693345556
1040,-6.545075696131592,106.75912953385757
1041,-6.568707557149257,106.78811591020532
1042,-6.561276608672306,106.78193355568342
1043,-6.5741230437109355,106.79937235693933
1044,-6.554426274397614,106.77605214708296
1045,-6.529081792513916,106.81552287936415
1046,-6.566467507873836,106.78328545719029
1047,-6.553932572783403,106.77877420175211
1048,-6.564965655551948,106.78592157867105
1049,-6.584483148538391,106.79059455219392
1050,-6.556107857682388,106.81019629895258
1051,-6.545136235399057,106.77978773100402
1052,-6.601378353844399,106.80489328144185
1053,-6.578329052896269,106.77609879809796
1054,-6.57981798938485,106.7687743215655
1055,-6.538036201409195,106.77825193998731
1056,-6.5745569699130915,106.78362730637735
1057,-6.546395082474619,106.79193765003642
1058,-6.571453108757771,106.78014536284068
1059,-6.548315193374717,106.80037052299537
1060,-6.557566159598151,106.79690309912377
1061,-6.5690404143079535,106.78536207988878
1062,-6.5785924550098995,106.75
1063,-6.581131761661304,106.78507703574121
1064,-6.563467252057071,106.78580719548023
1065,-6.59190289276611,106.79705278326536
1066,-6.5306995179397385,106.79472117687762
1067,-6.580738959091956,106.77642674001089
1068,-6.559174674174629,106.78926313455625
1069,-6.574102467922103,106.78140634788963
1070,-6.559777477711832,106.80431821703932
1071,-6.5735268844612325,106.7906865354521
1072,-6.571543501762056,106.79339428962345
1073,-6.556374133454691,106.79057705259146
1074,-6.5590252596384495,106.79018732156777
1075,-6.575476580525988,106.79666824969436
1076,-6.563578351964219,106.7986070579325
1077,-6.567781411131127,106.77531878099697
1078,-6.567879443502824,106.77641047419647
1079,-6.517474801730979,106.77487264076309
1080,-6.579414505265382,106.79912796749319
1081,-6.584858934134342,106.79540065969572
1082,-6.527468528805934,106.77328327085668
1083,-6.525951471059724,106.78306035354257
1084,-6.5401656798291885,106.78799016731611
1085,-6.553967055482131,106.7943029912549
1086,-6.561796117814169,106.78398152067702
1087,-6.555447547836159,106.7748166464501
1088,-6.560411357282223,106.77030676060029
1089,-6.561907627160769,106.78913584366617
1090,-6.552315375587477,106.78814398463558
1091,-6.585232477901437,106.7943745653521
1092,-6.581324916543251,106.78829098521403
1093,-6.594326514762605,106.78037887489806
1094,-6.559440220364428,106.78112810021258
1095,-6.553335227406101,106.77246246638066
1096,-6.572351877324004,106.7905184954698
1097,-6.560422020911851,106.80226501378479
1098,-6.557909885532698,106.7981741345464
1099,-6.547615185157133,106.79024178776291
1100,-6.592589308133463,106.77956453902357
1101,-6.566193607119824,106.77820495563816
1102,-6.571255689034956,106.78230132103356
1103,-6.548533212994153,106.7791763153929
1104,-6.593616669782049,106.77636912683717
1105,-6.575012249054148,106.76117365346894
1106,-6.572085402837431,106.78082442828956
1107,-6.570758571206929,106.75628614110448
1108,-6.576793666066239,106.77476361097554
1109,-6.560568305053352,106.80218484089289
1110,-6.560513051752826,106.78831764815197
1111,-6.588733386505146,106.79067061578621
1112,-6.575771249854632,106.79570849542286
1113,-6.5739413014626225,106.78141356211688
1114,-6.5766099841785675,106.7761775095228
1115,-6.533545719581313,106.76454184559435
1116,-6.5279949544253775,106.78750508059476
1117,-6.545625706791984,106.76899792161507
1118,-6.58346104540687,106.77222489978212
1119,-6.544524322140345,106.78726538718368
1120,-6.537439496918778,106.77561273249981
1121,-6.553873051225299,106.80001264307558
1122,-6.550313291248879,106.781699691999
1123,-6.593494953485054,106.7657717323941
1124,-6.538198818184431,106.7711409831459
1125,-6.595332129190299,106.76110556310522
1126,-6.548521265693945,106.76600525909647
1127,-6.546667198287768,106.76469869416216
1128,-6.56704712661928,106.7895858258749
1129,-6.571600039023163,106.79151771985445
1130,-6.588671402288343,106.80219684836543
1131,-6.591280395665569,106.77978729854885
1132,-6.549955753549958,106.77016017439793
1133,-6.554181013125653,106.79181496123158
1134,-6.577918571451552,106.78424896119718
1135,-6.542075840399653,106.78664128044832
1136,-6.565817243746476,106.78238666453343
1137,-6.537588136964954,106.80048743562938
1138,-6.54942526714105,106.80056712343227
1139,-6.52871194640049,106.7768586858297
1140,-6.555510305818437,106.77200043949898
1141,-6.568270692902751,106.76835011957252
1142,-6.571613729669535,106.76738774225541
1143,-6.595159904740797,106.78024868456468
1144,-6.5880970723852785,106.76726195032681
1145,-6.556675134745503,106.7636023282714
1146,-6.595319104135605,106.77734562375423
1147,-6.5628607493850275,106.79790877929558
1148,-6.545857331610742,106.76673743792172
1149,-6.567604378040598,106.78081786612572
1150,-6.53253629670954,106.79052925573862
1151,-6.566478622905073,106.78087198839044
1152,-6.563665000338608,106.78263218537283
1153,-6.54070379424733,106.80314755822529
1154,-6.58047714054013,106.78670133359176
1155,-6.534525667318416,106.81874029112407
1156,-6.553744758186255,106.77662716613409
1157,-6.5801474215220415,106.77923532310228
1158,-6.585360738295166,106.78176530750424
1159,-6.578335588544271,106.78462834167807
1160,-6.544104936141126,106.7785988140138
1161,-6.598856504098356,106.80125235933127
1162,-6.572840808779346,106.76596744769024
1163,-6.563929184113839,106.77788167825214
1164,-6.567163003838003,106.79942757858143
1165,-6.575500420871834,106.78046852994822
1166,-6.547202172745953,106.79329139510327
1167,-6.561431898264712,106.76469494548239
1168,-6.557124854891659,106.78087960818806
1169,-6.59414348347257,106.77809205087107
1170,-6.574080869285146,106.77024191506676
1171,-6.578630998228872,106.76722096146274
1172,-6.561802573139715,106.79258491110912
1173,-6.569911459730894,106.80276234978157
1174,-6.564686994731446,106.77615244550915
1175,-6.602882188069138,106.78248438473094
1176,-6.562127054295921,106.80068463903686
1177,-6.56430000314815,106.77617451248177
1178,-6.551057981800407,106.79835341678647
1179,-6.565323601619116,106.7807683396259
1180,-6.548208039877046,106.77424835334367
1181,-6.585584380620721,106.78402258211135
1182,-6.583200825357046,106.76306051630978
1183,-6.528442622875021,106.79029911999577
1184,-6.539580428771729,106.77121793639539
1185,-6.5791799972000025,106.8048984566598
1186,-6.561685147825155,106.79544900188785
1187,-6.544675051592485,106.78284369158979
1188,-6.567710665001116,106.79245268792643
1189,-6.582207406547062,106.78133632048376
1190,-6.550537869463162,106.78396032613767
1191,-6.54682240448674,106.76900357890214
1192,-6.545444572167456,106.78166700298982
1193,-6.557648031423277,106.78158229503765
1194,-6.56771933839724,106.76845767052212
1195,-6.539366301882477,106.78937343693575
1196,-6.5767646782317835,106.7753785378196
1197,-6.572387928165413,106.79991931535001
1198,-6.564005653294709,106.8028231750213
1199,-6.576378276883607,106.78846896599974
1200,-6.553565104258531,106.79036084567602
1201,-6.585155813934996,106.78686047199128
1202,-6.56797815732363,106.78064246153764
1203,-6.5754920689979155,106.79310167995563
1204,-6.58740152852954,106.77070132499603
1205,-6.544650636544943,106.79960691322816
1206,-6.555600866345456,106.804170297821
1207,-6.543242061991975,106.78677399772616
1208,-6.580120307884229,106.77216363795827
1209,-6.5524627801219735,106.7892680884556
1210,-6.56910572852543,106.8114727702635
1211,-6.580421620801349,106.7624332716955
1212,-6.525331147564346,106.7839120821045
1213,-6.5619760165453895,106.76643950357942
1214,-6.585174964500163,106.78164230924355
1215,-6.5731994973864465,106.79311908639662
1216,-6.563084027451627,106.8026688811914
1217,-6.592099263726887,106.79210935138967
1218,-6.565080219238586,106.7820648860287
1219,-6.569894876765715,106.78432933539105
1220,-6.565975128533273,106.7896124004217
1221,-6.537124497232029,106.76322564537062
1222,-6.573879980214272,106.78047182427211
1223,-6.5862368533327285,106.79878674866927
1224,-6.520606419597807,106.78877981454869
1225,-6.546552485424915,106.77000498298702
1226,-6.562421216624183,106.79001167429489
1227,-6.594326647037579,106.77562990685226
1228,-6.588816189585612,106.78918196150153
1229,-6.5611669185593104,106.77242930711458
1230,-6.570749249600237,106.78254654441638
1231,-6.5581827491086155,106.79473897644874
1232,-6.584738932891976,106.79524750891093
1233,-6.569030608582545,106.77774876106201
1234,-6.561711348076165,106.79571185848205
1235,-6.541661596933537,106.7762001915989
1236,-6.546919267786053,106.7740228154235
1237,-6.53929110377466,106.78451402438978
1238,-6.57274758077141,106.78955461460797
1239,-6.566381601655863,106.77687113801056
1240,-6.577309490998346,106.79691722402853
1241,-6.524483102148344,106.78868429996076
1242,-6.587279859479882,106.79271354040011
1243,-6.54688110073493,106.79552124810516
1244,-6.602633732412618,106.77970532946607
1245,-6.585764837122166,106.77175841849454
1246,-6.559035113147742,106.78538001826675
1247,-6.551875312707486,106.76611296947083
1248,-6.585543308234795,106.77067445339353
1249,-6.576778668327296,106.78446272078033
1250,-6.561643838085052,106.7726831224907
1251,-6.552943024008028,106.79030481230525
1252,-6.573636964156706,106.79046769382583
1253,-6.578453248603953,106.78406060506839
1254,-6.55973540496176,106.78882637013065
1255,-6.552375271352387,106.78933604928588
1256,-6.5549374223874475,106.77852553524362
1257,-6.553710453191434,106.79723323371165
1258,-6.572940566774142,106.77960198616208
1259,-6.568002720636767,106.78442901078996
1260,-6.579016557014493,106.78702127249171
1261,-6.533995443143234,106.79303425977449
1262,-6.5425211595201604,106.80027748131504
1263,-6.5940628903691305,106.77222685128218
1264,-6.569446791055119,106.7713152065664
1265,-6.569190106996689,106.7727757671525
1266,-6.581805799817071,106.78703061919707
1267,-6.5491670502283155,106.77804413059131
1268,-6.544527359155007,106.7720884343991
1269,-6.543366324383612,106.79118154445682
1270,-6.586462614123763,106.79153772288385
1271,-6.533062162381395,106.76453846835783
1272,-6.547092120916934,106.77870034410344
1273,-6.5445652129692355,106.78526613557158
1274,-6.5417792247654285,106.78403485215168
1275,-6.550638550909747,106.77038167778018
1276,-6.557777024512051,106.76674304908238
1277,-6.568111693668433,106.7760755709231
1278,-6.554746486144744,106.78710253268153
1279,-6.62,106.7859218971865
1280,-6.567866322891697,106.79218595694061
1281,-6.58414760978135,106.80297921761957
1282,-6.5627821169303635,106.76500366871541
1283,-6.583063600141703,106.78540274219336
1284,-6.575964389182373,106.77673549655594
1285,-6.588725317640103,106.77291867612294
1286,-6.566361080486225,106.79048877540089
1287,-6.570959036228771,106.78690755441919
1288,-6.557070755643026,106.78374521640822
1289,-6.548850998453502,106.78424643852864
1290,-6.553878260437632,106.7976400186941
1291,-6.574441834267949,106.78384207031907
1292,-6.585486364420069,106.78695528748075
1293,-6.568871321561435,106.80020300977885
1294,-6.577252404435582,106.78775402400872
1295,-6.547722337798028,106.7731250807211
1296,-6.591705806319477,106.78252239420549
1297,-6.552579052220634,106.78398433438826
1298,-6.557215442382069,106.77521221523114
1299,-6.5839749232625815,106.78922944948644
1300,-6.584595166682994,106.78185006874499
1301,-6.575605085750606,106.77013799665244
1302,-6.578421568772713,106.78876924888738
1303,-6.581909703088644,106.77557433632236
1304,-6.555237456229591,106.77358772624726
1305,-6.5649605073019695,106.78511759272469
1306,-6.559604202916154,106.78924852050038
1307,-6.569730846930756,106.78750023387384
1308,-6.543603244239605,106.79379618684958
1309,-6.5623135773169174,106.79409743697552
1310,-6.569312666483471,106.7823255429061
1311,-6.5471206502008545,106.78361148084838
1312,-6.544918515333614,106.77685278629878
1313,-6.5355328198931515,106.77783099046773
1314,-6.560350398957128,106.79696325157529
1315,-6.583807513182315,106.78983718571432
1316,-6.562786340758422,106.76618085177128
1317,-6.569367907608719,106.76540507191322
1318,-6.561013530201564,106.7979566515782
1319,-6.590464991581169,106.77893880992654
1320,-6.594117643741687,106.80249854952004
1321,-6.568536461505586,106.78451125568252
1322,-6.571043593622505,106.78132237804024
1323,-6.56784641046995,106.80191235198906
1324,-6.563023742174139,106.80008601782666
1325,-6.587511250586938,106.79302925648834
1326,-6.580608332740847,106.78671219095052
1327,-6.589334093660325,106.78248877060194
1328,-6.581678370096841,106.78098717665554
1329,-6.556058330350669,106.78359601616638
1330,-6.574864905971324,106.78572529402369
1331,-6.555699916320717,106.76596642514568
1332,-6.550364286170722,106.7801188232762
1333,-6.561030703652187,106.76419168449965
1334,-6.534087822916137,106.78545578066105
1335,-6.582157575641968,106.77791043796431
1336,-6.544726154160078,106.77798247333902
1337,-6.591868889094566,106.80323505901691
1338,-6.566268819041845,106.78208464054737
1339,-6.600862398448165,106.78689191005532
1340,-6.572498517008401,106.7893346540153
1341,-6.549572737056861,106.7818742876912
1342,-6.540507081797798,106.80970283776163
1343,-6.546529666264652,106.78379397066476
1344,-6.535817855127296,106.7792604379993
1345,-6.568164067907973,106.79527073039348
1346,-6.547194654255663,106.79970735245216
1347,-6.56049314486753,106.80695925361552
1348,-6.567681004563971,106.77988429458037
1349,-6.593669762312984,106.7682526786055
1350,-6.539798257066702,106.77651383778434
1351,-6.546044210909552,106.77346351293238
1352,-6.558585467081013,106.79310558989076
1353,-6.5457554302992556,106.79759741380207
1354,-6.557477248496955,106.79633118962364
1355,-6.563309737344346,106.78144971184979
1356,-6.55334092096197,106.7809293937815
1357,-6.59923925399639,106.78331438081692
1358,-6.555761951840134,106.80079452184238
1359,-6.553449814992711,106.79860473726077
1360,-6.57840542713849,106.78124975904346
1361,-6.575250784993514,106.77118150888847
1362,-6.574628866319327,106.79199381251304
1363,-6.5463054167781785,106.78499457678576
1364,-6.579850430947981,106.82
1365,-6.566527563199231,106.7796571974618
1366,-6.575669176985917,106.75595960364197
1367,-6.5735342739846265,106.78965843923282
1368,-6.567551259984937,106.78689266731955
1369,-6.5890308129237765,106.77655110871514
1370,-6.570338930241934,106.78351998491068
1371,-6.596144702652222,106.77188095170959
1372,-6.559965170671434,106.78154599435165
1373,-6.569345310477028,106.79677398787055
1374,-6.555895585961241,106.78694131244676
1375,-6.543434870920866,106.77961252439073
1376,-6.56913671023492,106.79699102631749
1377,-6.552895407510256,106.78193316278045
1378,-6.5582162480714405,106.79068120859958
1379,-6.582959974118681,106.77649361064366
1380,-6.550684341818475,106.78603207548434
1381,-6.5497164164018535,106.75740942691557
1382,-6.553581999297769,106.77830264263052
1383,-6.556038877747144,106.78994543342398
1384,-6.557840655000572,106.793125751463
1385,-6.5569258625609175,106.79181747174049
1386,-6.54864953892608,106.79094811584656
1387,-6.546132439583953,106.75740681989127
1388,-6.575285220045329,106.79606869012163
1389,-6.541180744867312,106.77699254283883
1390,-6.574707182850581,106.78426917938518
1391,-6.56552795539049,106.77310587223657
1392,-6.567770008161013,106.77076918460743
1393,-6.574326490511404,106.76836603095383
1394,-6.550948159745891,106.78598244497293
1395,-6.564420279732812,106.77361135547822
1396,-6.582227517098355,106.78013884998346
1397,-6.534165195492505,106.77896399565674
1398,-6.5624952307109155,106.78458197700228
1399,-6.5776776968393715,106.78246405892355
1400,-6.603774424973689,106.78340122763434
1401,-6.580538006286251,106.78885790384153
1402,-6.559451965918119,106.78426030234881
1403,-6.554971469512712,106.78227552403486
1404,-6.579748006884483,106.796917946257
1405,-6.554885726395679,106.78753402159228
1406,-6.56332833173098,106.7714058890116
1407,-6.561594836135183,106.78325924860822
1408,-6.553178401119487,106.77489380905901
1409,-6.584756710779217,106.7700918838012
1410,-6.568453787449637,106.7949591016908
1411,-6.576686161933003,106.79086852445214
1412,-6.566821050515064,106.77395004568741
1413,-6.578834489044169,106.79137233057374
1414,-6.55411085044646,106.78751425681142
1415,-6.532385071971322,106.78925363255507
1416,-6.554747937459913,106.76353288730704
1417,-6.5709646538877555,106.78487893353677
1418,-6.584845432505658,106.80294743553159
1419,-6.5577462368928865,106.76745184724085
1420,-6.540467755300024,106.77909169863794
1421,-6.560654192118097,106.78384353970992
1422,-6.567296356459745,106.77443962410862
1423,-6.56546511843279,106.78125845627768
1424,-6.593778659999425,106.79887636233661
1425,-6.574729934754448,106.77744329153172
1426,-6.595607917901314,106.7791671930661
1427,-6.5625278886877645,106.79447806956406
1428,-6.569315580587232,106.7921539138215
1429,-6.576436724409049,106.75783253549072
1430,-6.585053889839141,106.75974067017138
1431,-6.54647609954774,106.7751476589765
1432,-6.579485997096988,106.79109281246943
1433,-6.617811419401649,106.78071222741796
1434,-6.575369024030267,106.79703838341938
1435,-6.572933369205276,106.78315599150395
1436,-6.5451385809610265,106.77465266740948
1437,-6.587901897483895,106.78097144007893
1438,-6.571388856051944,106.79687783603964
1439,-6.557315540262592,106.78727492316501
1440,-6.556485570321115,106.80257166466974
1441,-6.59883972705891,106.79083749733009
1442,-6.562034240625321,106.78019544432732
1443,-6.546730541784871,106.79043021580722
1444,-6.548044826445127,106.77887919819098
1445,-6.596333814459269,106.77736040792463
1446,-6.577695565496629,106.78443422159152
1447,-6.598929769243428,106.78257474800594
1448,-6.526395487583134,106.78852112318837
1449,-6.555380103164015,106.78433937097275
1450,-6.555243119337345,106.79470351843834
1451,-6.583973112471096,106.7770808575639
1452,-6.547651612040757,106.7753955803403
1453,-6.575526646873337,106.77484208758594
1454,-6.573842954633574,106.790810652893
1455,-6.575278522021858,106.77840476562898
1456,-6.584121427523567,106.76959841560846
1457,-6.543068669353313,106.78039197697765
1458,-6.575932459966205,106.76222509348862
1459,-6.556520658539948,106.7721367141629
1460,-6.582297883358528,106.78580398332069
1461,-6.5903142022303225,106.78510970987823
1462,-6.56484708824175,106.77176224814941
1463,-6.590598013344971,106.79264211698874
1464,-6.583701709334486,106.78918667790062
1465,-6.564149728699477,106.79082058176394
1466,-6.551183628587105,106.78923258501361
1467,-6.520670563852117,106.7865058941321
1468,-6.571892275024675,106.7913451752243
1469,-6.586790267160713,106.79229598928282
1470,-6.562499085265946,106.77456422331132
1471,-6.58084855625474,106.77263133750697
1472,-6.587488610252798,106.79201791281602
1473,-6.553155812611283,106.77937127496148
1474,-6.5874272019505895,106.76606478159908
1475,-6.5407681715180965,106.77010412181227
1476,-6.568391731348717,106.79594832904378
1477,-6.594327138374178,106.78484943171314
1478,-6.568693468807019,106.78046514191502
1479,-6.599548067713798,106.7866031254992
1480,-6.556524925631858,106.78909597877934
1481,-6.554840333623014,106.79666273869697
1482,-6.587305061223879,106.78738473000625
1483,-6.579617670348277,106.77588545978581
1484,-6.54182272800451,106.76551863408861
1485,-6.580482927064159,106.76806596341186
1486,-6.5480229907251,106.79475959780191
1487,-6.598761724849925,106.77301840184401
1488,-6.588381455658691,106.77773140494317
1489,-6.542110581950347,106.79521730235
1490,-6.574067417286144,106.78662571036507
1491,-6.555224822751479,106.78147812573411
1492,-6.543506360149084,106.77763782877369
1493,-6.568364757743144,106.76367821910344
1494,-6.566090748941365,106.80023025885096
1495,-6.584798355027294,106.78766222039233
1496,-6.5588740398368435,106.80510076612234
1497,-6.5575018653070725,106.77178977038557
1498,-6.546829649387015,106.76852971451548
1499,-6.562868486882032,106.79484810932588
1500,-6.575972713194561,106.78604694799245
1501,-6.5649908566517094,106.77267434770211
1502,-6.55671751747729,106.78414024455347
1503,-6.5705054196589465,106.7745631705414
1504,-6.561234656006815,106.81570231285129
1505,-6.564154490558867,106.79600089359332
1506,-6.555673509987359,106.76613187559485
1507,-6.58879913951348,106.78986185029086
1508,-6.582188089131736,106.7720682009648
1509,-6.527197210626114,106.77634031521274
1510,-6.51,106.78491145622628
1511,-6.545196012348964,106.7920316096484
1512,-6.566203968570345,106.78799772598154
1513,-6.580285047341754,106.76735942173298
1514,-6.552426912955449,106.79683629160083
1515,-6.567236859069887,106.78420029612016
1516,-6.548392878633485,106.79788894736953
1517,-6.598407569892011,106.76807189193882
1518,-6.5733203001067695,106.7876382358998
1519,-6.576497417532404,106.79162210538558
1520,-6.580397327574611,106.78998758625845
1521,-6.563709906500635,106.78333668007852
1522,-6.5361672291859465,106.77366999471077
1523,-6.575309729946502,106.78824314140631
1524,-6.5845582149040025,106.79828168373218
1525,-6.5691758562667015,106.7760266081089
1526,-6.559004881134667,106.81988409533236
1527,-6.571625554197702,106.77637857728686
1528,-6.5732805715045615,106.77717888708365
1529,-6.5875341809352985,106.8002639463126
1530,-6.570410582461514,106.77989160190226
1531,-6.572455582518929,106.76631200934295
1532,-6.549537518822599,106.79585930894001
1533,-6.570635505830645,106.77572387822302
1534,-6.5565248710523365,106.79069482577972
1535,-6.5474415919744615,106.76997542115362
1536,-6.561504060108844,106.79639132446374
1537,-6.575258134136999,106.79606692273971
1538,-6.588877460967177,106.7806886372448
1539,-6.556022041142444,106.78583220265095
1540,-6.591548445892446,106.77039185933086
1541,-6.604978465947694,106.76694737737726
1542,-6.58393960180436,106.76633799659307
1543,-6.575334499427949,106.78245263357651
1544,-6.566665419114618,106.78814807796732
1545,-6.573930227142858,106.77440426023513
1546,-6.585743951948623,106.78291621154573
1547,-6.537019620902602,106.79085612042874
1548,-6.553542372928609,106.7939855168577
1549,-6.561628835420831,106.78941546363076
1550,-6.546896907851733,106.78422931114443
1551,-6.580862588415373,106.80364153352798
1552,-6.586771946399045,106.792570067263
1553,-6.548670887143744,106.79007388827108
1554,-6.593954827147915,106.79126345968982
1555,-6.608140705538543,106.78510415358288
1556,-6.555849029569515,106.76935542971748
1557,-6.580523033674347,106.8148288122345
1558,-6.558143222285042,106.79391223850173
1559,-6.556671351008107,106.79020494984849
1560,-6.560816013911568,106.79669785420673
1561,-6.546977471496079,106.78833785634502
1562,-6.5585927089830465,106.77926567894605
1563,-6.5328010263253224,106.76829534068787
1564,-6.5776071150524835,106.7757772356204
1565,-6.574536136435126,106.7840602910961
1566,-6.574754804398323,106.78820370133147
1567,-6.566608847728913,106.78686415229652
1568,-6.566015380298405,106.78933079251824
1569,-6.548506172926614,106.76618765321257
1570,-6.532804249261188,106.76790750481574
1571,-6.5437559553962235,106.79571158577232
1572,-6.530416316988973,106.77244244314758
1573,-6.595965150223571,106.78959015060035
1574,-6.57496765168833,106.78008477780037
1575,-6.555988008956431,106.75608047015949
1576,-6.551938955439298,106.78375014036281
1577,-6.599584427781188,106.8306156971768
1578,-6.591842432706169,106.8052267404705
1579,-6.590450783885032,106.83248546481425
1580,-6.607336763139115,106.81631588527787
1581,-6.595556745705431,106.82823429497518
1582,-6.59958921900526,106.81264021971651
1583,-6.60208922806865,106.82721008624405
1584,-6.588188717699123,106.81616557249575
1585,-6.597541309780095,106.81794817832007
1586,-6.606359921881482,106.82860165645005
1587,-6.610271006469487,106.82056923130578
1588,-6.5963413868070795,106.82803442790998
1589,-6.594165929781258,106.82277485190612
1590,-6.598134860546224,106.82515349058154
1591,-6.597936111502172,106.8286302042093
1592,-6.606885338320605,106.82130921662159
1593,-6.588228216855013,106.81536083521075
1594,-6.593837673238809,106.81963073282972
1595,-6.587282896212802,106.83553637016838
1596,-6.5881052802056095,106.82560170979916
1597,-6.598976843900793,106.81675257231487
1598,-6.602368921533118,106.82822943659596
1599,-6.590944798575971,106.8288440879944
1600,-6.602073283435456,106.8293199675724
1601,-6.604731023155853,106.81552852894094
1602,-6.611175094391334,106.81824887180728
1603,-6.596574765853445,106.81830008228582
1604,-6.591020167407143,106.82121134510469
1605,-6.588180616060752,106.82949417588692
1606,-6.587403053120815,106.8272591810652
1607,-6.6058129746028005,106.82798687547786
1608,-6.5841674073939105,106.8369992692059
1609,-6.605562201885433,106.83087505187663
1610,-6.589229912614258,106.82322638852277
1611,-6.590664415208604,106.81363132692523
1612,-6.594842241930395,106.81795279291379
1613,-6.590519987382512,106.82212236868415
1614,-6.603324985400043,106.8321663119003
1615,-6.610224979344213,106.82428037669725
1616,-6.590881851667323,106.81849006457513
1617,-6.592644845261164,106.81778387189004
1618,-6.594750133742149,106.82389139098449
1619,-6.600264540827221,106.83272666400866
1620,-6.5948271416193895,106.83918146579768
1621,-6.6068892475753325,106.82263740787901
1622,-6.6050053842867555,106.82412006134753
1623,-6.586748026890801,106.8133545791865
1624,-6.600107271897334,106.84238729694513
1625,-6.607931114034524,106.81163219993782
1626,-6.592155209922884,106.83532020515942
1627,-6.593725003319116,106.8211681796148
1628,-6.591894856077243,106.81901332604929
1629,-6.5920589578317115,106.81431159727333
1630,-6.582966817539877,106.8467227392414
1631,-6.58562966734787,106.82657143806082
1632,-6.596635257708853,106.82472797871223
1633,-6.6078783382676285,106.83269669148805
1634,-6.591226875909168,106.81853944690373
1635,-6.590996737668343,106.82454903427792
1636,-6.609349544185686,106.8250507580511
1637,-6.5873524459123205,106.81981641768574
1638,-6.583023250331207,106.8355777941128
1639,-6.589542480735163,106.82251876078993
1640,-6.590839949597631,106.81023145890465
1641,-6.582348333036414,106.82175597816332
1642,-6.595026325563814,106.82682636860986
1643,-6.60345389851624,106.81630513226708
1644,-6.585961295261901,106.8170315955167
1645,-6.596714363475288,106.81950231688444
1646,-6.59912842180738,106.83577665544705
1647,-6.595375938135288,106.82004649386813
1648,-6.5974824779121946,106.8376907384788
1649,-6.597573563041992,106.81886983572909
1650,-6.589666077213632,106.82752462927324
1651,-6.607760786195908,106.82042322497925
1652,-6.605797130219591,106.83147531423808
1653,-6.605344271837615,106.81423544526403
1654,-6.603964564143546,106.83137197126932
1655,-6.5836985885888435,106.82558049845461
1656,-6.60327865963965,106.81863926537545
1657,-6.601161284183376,106.8230015408559
1658,-6.583999650469905,106.83865512066482
1659,-6.594346251250165,106.8258012510097
1660,-6.598195685212801,106.81806161716726
1661,-6.609058282997153,106.81343973472922
1662,-6.601702427506892,106.82918558484606
1663,-6.589260251446436,106.82633529714509
1664,-6.609301533402218,106.83093149211548
1665,-6.596371475615828,106.81106849473684
1666,-6.594025813743096,106.81373836241812
1667,-6.593467802331135,106.83509201281433
1668,-6.583318300269276,106.82758289029942
1669,-6.5951693743588375,106.82944336540996
1670,-6.599923429706668,106.81566802523771
1671,-6.593011658262459,106.81549952510676
1672,-6.599320358107087,106.83365912513673
1673,-6.589261618790328,106.8340929767972
1674,-6.5949254424586,106.81451125508868
1675,-6.598506854208745,106.81275213875458
1676,-6.597513544704548,106.82353215967457
1677,-6.5834599238048925,106.81717197732104
1678,-6.5925918592990715,106.81698019804976
1679,-6.60916119863926,106.81300987946595
1680,-6.592173489084404,106.82021889809863
1681,-6.596152487665488,106.81390010000102
1682,-6.59534954364465,106.81444605242898
1683,-6.608306116003094,106.82727950256955
1684,-6.606130724017559,106.82402379566524
1685,-6.60235070523334,106.82899659393885
1686,-6.5884094478982815,106.80934843981643
1687,-6.598840694099861,106.8246230139582
1688,-6.600475017037721,106.84364362416039
1689,-6.590559520410529,106.82110431099167
1690,-6.5892136594969815,106.83212597516737
1691,-6.609376890666065,106.83204548110541
1692,-6.593673815399448,106.83249841787715
1693,-6.608672009503186,106.82606658735085
1694,-6.603834747664976,106.829744316192
1695,-6.599221905936376,106.83096825727137
1696,-6.599571496767408,106.83038295395376
1697,-6.585065177247255,106.81424332678016
1698,-6.597647525442898,106.80881116822265
1699,-6.607122255148942,106.8102273017754
1700,-6.6013627815518525,106.82204451933383
1701,-6.597236999891855,106.83000066197833
1702,-6.609431089592712,106.81436308873626
1703,-6.594580093609518,106.83303956405258
1704,-6.591178377780954,106.8199073015795
1705,-6.597233048158031,106.81999495734195
1706,-6.60202922767487,106.81683352031924
1707,-6.582580526316155,106.80717772728315
1708,-6.598258904017305,106.82664346435969
1709,-6.602372735503812,106.84030155253194
1710,-6.593917772950686,106.82395504925772
1711,-6.60469490208468,106.80749220937561
1712,-6.601048434362295,106.8317171018313
1713,-6.612793121175035,106.80957158947646
1714,-6.590152439757969,106.81339976360697
1715,-6.60253216702841,106.82233752110136
1716,-6.5880643434164,106.82566312757916
1717,-6.583382408363604,106.81524468889143
1718,-6.580093039715543,106.82197862933877
1719,-6.600243146836999,106.83111694836471
1720,-6.597471167884001,106.83237853781091
1721,-6.59227835553611,106.8360549153525
1722,-6.582144383905271,106.84211315140226
1723,-6.590623858848558,106.83198915351505
1724,-6.596060777302402,106.82253641997225
1725,-6.602238271371225,106.83244423298214
1726,-6.595899279586741,106.82882936185139
1727,-6.598002055511622,106.82919444902112
1728,-6.593084081757039,106.8261637926166
1729,-6.609723000838212,106.81613423170208
1730,-6.588057096041725,106.81506576356317
1731,-6.590554561813725,106.82363781446581
1732,-6.592174178018386,106.82590313807809
1733,-6.600277439771688,106.81827603480244
1734,-6.587895744038759,106.82842998990611
1735,-6.597091243173087,106.84369084393494
1736,-6.597319777006102,106.80847098300136
1737,-6.5905927681215415,106.82989309672676
1738,-6.598612066045284,106.82392457128557
1739,-6.588138795050832,106.82868148196428
1740,-6.587283422183735,106.82056619994749
1741,-6.596808524250828,106.82318718028198
1742,-6.583034896224983,106.82572442252076
1743,-6.579237575909872,106.82175472114923
1744,-6.600200161262835,106.81053154052543
1745,-6.6042408741881875,106.82237824751088
1746,-6.592374241780412,106.81149011979856
1747,-6.590798565384449,106.83054636153095
1748,-6.603900833961021,106.8073548925871
1749,-6.58706058360064,106.8340034490181
1750,-6.585355209032019,106.82848727069539
1751,-6.601568653985685,106.82852249533425
1752,-6.596099491950007,106.80460399383837
1753,-6.604365404775439,106.82150643380298
1754,-6.579273093640919,106.83515355835398
1755,-6.585063185367937,106.81975691606894
1756,-6.596140936444861,106.81460570028275
1757,-6.5992986036986565,106.81866985037043
1758,-6.602659675995036,106.82390336623251
1759,-6.597397341485386,106.81669298092858
1760,-6.597317780764131,106.83589250120312
1761,-6.592980200594242,106.82393660642816
1762,-6.60848355612435,106.81941659151822
1763,-6.587393421722668,106.81254982044096
1764,-6.598839418820224,106.82899261556696
1765,-6.5882954100142035,106.8287828641601
1766,-6.600215390130747,106.81723771523
1767,-6.58791016635048,106.80394087207786
1768,-6.6018518930572885,106.8283141608437
1769,-6.596906377485027,106.82281203142205
1770,-6.609687105717243,106.82762643771734
1771,-6.593828697080524,106.84255286722112
1772,-6.599355694330146,106.82428498131337
1773,-6.589924987625604,106.81980083032302
1774,-6.593774887160683,106.81396798537219
1775,-6.596856622019326,106.82165539068272
1776,-6.584072486899885,106.82601056536082
1777,-6.584930488232498,106.82502286953745
1778,-6.600724892116706,106.84040097247845
1779,-6.594885054581292,106.82912740487585
1780,-6.591386851099054,106.82329084847817
1781,-6.590259041848522,106.81802632856173
1782,-6.590560428859712,106.82698744676382
1783,-6.596909867300072,106.81618069259973
1784,-6.599512815687382,106.82618784551336
1785,-6.579650116429877,106.82901993739321
1786,-6.607089481146035,106.82253903760736
1787,-6.6065325952433,106.81872862831177
1788,-6.577782583637883,106.80441075466219
1789,-6.6045301999605535,106.83506399902096
1790,-6.604289795431493,106.82824545576507
1791,-6.59603222177359,106.82846935534724
1792,-6.585873504670029,106.8101557700434
1793,-6.60397671713714,106.83723700469527
1794,-6.5941401925654075,106.82024851869157
1795,-6.600325778062569,106.82187293333443
1796,-6.613402341278695,106.81468649946255
1797,-6.598000305061402,106.80807860212408
1798,-6.588850658522985,106.83518838953364
1799,-6.593400374749286,106.83637847823246
1800,-6.589848351212017,106.82300792477608
1801,-6.59942242360845,106.81827655367645
1802,-6.589718219911457,106.8210603753446
1803,-6.592326891027279,106.82131293155192
1804,-6.585973229427031,106.81348424010328
1805,-6.594994655863201,106.82184107592472
1806,-6.597412505996713,106.82594173546563
1807,-6.57501015707431,106.83390679589792
1808,-6.598060874742141,106.82466319170562
1809,-6.595670957694085,106.81001766220649
1810,-6.5900397912449575,106.82778735568925
1811,-6.611910394987494,106.8221755378706
1812,-6.6035324224296374,106.83715018642435
1813,-6.587445255741209,106.83769387626165
1814,-6.6025910943770585,106.83801610922538
1815,-6.605771618165561,106.81936117492947
1816,-6.597062294996953,106.84285377570932
1817,-6.598858379186139,106.82776336665302
1818,-6.598677570941902,106.83950705574276
1819,-6.579699370097998,106.81990413012947
1820,-6.594565775781985,106.82178268589409
1821,-6.594158341400585,106.82705516468685
1822,-6.607225087738828,106.8259304618632
1823,-6.598641411411421,106.83608581156383
1824,-6.593698807561028,106.82239468958953
1825,-6.595323168607689,106.83525531642758
1826,-6.604040580216468,106.83127414105238
1827,-6.5945836639922915,106.82256721282756
1828,-6.590562724744152,106.83056002102559
1829,-6.593870326185821,106.82017441447458
1830,-6.603393223967995,106.84617173175772
1831,-6.599913092982353,106.8
1832,-6.596375297702463,106.83072821198591
1833,-6.597528250433938,106.80828438976842
1834,-6.591646641330651,106.82245428666903
1835,-6.594510349657422,106.82374379466785
1836,-6.590835879868393,106.83841368534664
1837,-6.593720976103867,106.8181589946673
1838,-6.606567648547813,106.83657565425865
1839,-6.587590328055528,106.81367799583761
1840,-6.590636924743499,106.83693159889361
1841,-6.586209121975662,106.82016446665838
1842,-6.58451333382845,106.82520819129167
1843,-6.594566540516485,106.82143480601
1844,-6.591193616420459,106.83633949432371
1845,-6.609820584277223,106.83454748280292
1846,-6.593814394716715,106.82861561250341
1847,-6.6061231202601425,106.81392612389922
1848,-6.6036070301557,106.81794842060987
1849,-6.5943928809448815,106.81506134283795
1850,-6.612548491528027,106.80383209509739
1851,-6.598131023811555,106.83614571750519
1852,-6.607873729405162,106.82151357806679
1853,-6.60696236418146,106.82141532921503
1854,-6.599274916097105,106.83830750980937
1855,-6.601909161648286,106.82014933713647
1856,-6.600914443098356,106.81679333901113
1857,-6.587070579264342,106.82246267552799
1858,-6.5964772468751915,106.81410290318374
1859,-6.604438764184141,106.82770271879862
1860,-6.607976889454926,106.82109151620021
1861,-6.590387014836619,106.8198612983586
1862,-6.60016883054998,106.81906362999396
1863,-6.597209861679965,106.82355399521765
1864,-6.59510592565008,106.82530069616014
1865,-6.598815795336567,106.81974432830795
1866,-6.597735384791935,106.8212286735304
1867,-6.60026728720016,106.82378141003332
1868,-6.607315597074856,106.82285240899175
1869,-6.602167485424332,106.82481817177752
1870,-6.59846028035062,106.81830154088806
1871,-6.610626447107278,106.83378190124603
1872,-6.604718113041034,106.82542359012868
1873,-6.595305368361443,106.81989283114879
1874,-6.586500183438959,106.82770298073486
1875,-6.588295238984268,106.82384728311277
1876,-6.603334792443121,106.80856770272253
1877,-6.59109416527919,106.82767138469205
1878,-6.588136903790149,106.8151448585122
1879,-6.590093861572218,106.83313585064538
1880,-6.590647363262194,106.82230610976968
1881,-6.602688255531838,106.83171459263752
1882,-6.594801637090645,106.81872925342702
1883,-6.5852847346731815,106.8251759164244
1884,-6.596271777339676,106.83567544431793
1885,-6.597768803615312,106.82205504769415
1886,-6.5922761180430465,106.81909204523633
1887,-6.60507788779937,106.83056337255498
1888,-6.592733302122162,106.8303849388119
1889,-6.604705650356256,106.81947938915071
1890,-6.600700806760793,106.80625075787093
1891,-6.603282911679418,106.81891520569056
1892,-6.587428436775716,106.8307688755481
1893,-6.596798381581363,106.81739585271185
1894,-6.595615156024385,106.82443132656002
1895,-6.584896177955924,106.8184781961666
1896,-6.6046799958285245,106.80674146501805
1897,-6.589629493860589,106.81831249445449
1898,-6.591256570290539,106.83072995052073
1899,-6.588095721675441,106.80270776195651
1900,-6.601518157681208,106.82685388709335
1901,-6.5840825876025235,106.81361121707346
1902,-6.6008659312530975,106.83013431300083
1903,-6.604205989548968,106.83110918210247
1904,-6.6002341782434435,106.82294881413856
1905,-6.601607735655402,106.82296980534858
1906,-6.601975045580871,106.81710739314735
1907,-6.588595913339206,106.8121424785224
1908,-6.60726093834375,106.84016735391845
1909,-6.592426904828342,106.81656682816255
1910,-6.595509000989151,106.83896763669641
1911,-6.593424594418965,106.81661812712719
1912,-6.599876902282701,106.829367766984
1913,-6.5918165664985136,106.8140555936783
1914,-6.596552601641904,106.82935123595608
1915,-6.586357516591204,106.82153416776026
1916,-6.605146625337041,106.82165452177234
1917,-6.601279807928607,106.83014887109744
1918,-6.593740700854846,106.82021238358185
1919,-6.592355876189624,106.81138225428285
1920,-6.601075377716794,106.83154181496093
1921,-6.590491499826022,106.81398107281431
1922,-6.597010189808737,106.8292879087193
1923,-6.6051210532911036,106.83349097537986
1924,-6.5896775920584245,106.8210746496874
1925,-6.598914423694317,106.83541863903108
1926,-6.598500473297718,106.82896809673345
1927,-6.595266706940019,106.81812484185859
1928,-6.5920846834023585,106.8374357990136
1929,-6.605539095840581,106.81402000950794
1930,-6.591350509163479,106.82106354034875
1931,-6.581842705800934,106.8226323786454
1932,-6.6010433216238305,106.83010467963192
1933,-6.586624011440419,106.83480247233948
1934,-6.601445309595912,106.83422569387153
1935,-6.606479379089213,106.82659221675947
1936,-6.600958898458089,106.821951438939
1937,-6.604416562336063,106.80771915213674
1938,-6.611843225606201,106.81243194206164
1939,-6.6035972754169165,106.84079864898366
1940,-6.598616715796935,106.80762626846668
1941,-6.608820531875116,106.81730878171035
1942,-6.6097664609973625,106.83507108476041
1943,-6.609876034270709,106.82646298826664
1944,-6.592175857749336,106.83307708134033
1945,-6.58542844139231,106.82953016982415
1946,-6.59169792201901,106.8380633277455
1947,-6.601537379569606,106.82725220616014
1948,-6.597274752222871,106.83064078169416
1949,-6.594412242814399,106.81786348383143
1950,-6.6004166117489405,106.82993074188032
1951,-6.584514145480049,106.82088467707656
1952,-6.5971339154909,106.82036003161026
1953,-6.604784877139648,106.83277027064568
1954,-6.600329197673144,106.83283380163209
1955,-6.601444751224938,106.84007849391513
1956,-6.6085341916822475,106.83947835370698
1957,-6.5955109138127765,106.83297828490724
1958,-6.590915832395994,106.8086909069135
1959,-6.605341168870553,106.84136054574869
1960,-6.605197163328693,106.83298429293035
1961,-6.6003994689119985,106.81748032391057
1962,-6.594773227087925,106.83124352263145
1963,-6.596039535068465,106.81498133625047
1964,-6.586033177593382,106.83022812022651
1965,-6.604741731913742,106.81241238345802
1966,-6.604465413894755,106.81709030654828
1967,-6.5857598769556915,106.83106876263454
1968,-6.602821222549446,106.83441072178819
1969,-6.5991923513480035,106.82752852153281
1970,-6.588027938068883,106.82189711855507
1971,-6.586587240891301,106.80505924920656
1972,-6.598952725463666,106.82260746022523
1973,-6.5929152017107,106.82944414093228
1974,-6.610276687548751,106.82161539929649
1975,-6.603486403902738,106.8243241494411
1976,-6.599737166765235,106.82282295089674
1977,-6.600123797157249,106.82156990364038
1978,-6.606447781661878,106.82523068419869
1979,-6.602655926047671,106.82202118191042
1980,-6.599941288539994,106.83782123314312
1981,-6.5883544988639295,106.80421627227071
1982,-6.62,106.81950615140127
1983,-6.587392174585604,106.81651908877096
1984,-6.5935819101906015,106.8265495146106
1985,-6.583074253850297,106.82524235384639
1986,-6.600246858739729,106.8394685008324
1987,-6.597211742337688,106.84249732266042
1988,-6.602019904165095,106.81741381423296
1989,-6.582413996446448,106.82453664189077
1990,-6.604741412007973,106.82633952498604
1991,-6.589707511391246,106.81718610823336
1992,-6.594862207284667,106.83031791171734
1993,-6.6033217874569194,106.82232675564268
1994,-6.5980741298033525,106.81470171041677
1995,-6.598627434661694,106.82195789160235
1996,-6.602285317972585,106.81534587486425
1997,-6.599385635630468,106.83407704009288
1998,-6.5933582801984745,106.84204078541131
1999,-6.594725486274113,106.82678623004914
2000,-6.5976874826717395,106.82555662660216
2001,-6.589017635124365,106.82593559193431
2002,-6.603826252701649,106.83541754503598
2003,-6.598288538145323,106.83521925969126
2004,-6.596614139997874,106.82346714869294
2005,-6.605364510464254,106.82685777800198
2006,-6.595088392513264,106.83054132771379
2007,-6.594600602827314,106.81405669584655
2008,-6.592234688977023,106.8356972178146
2009,-6.598714525393991,106.8405056308409
2010,-6.598443517784054,106.83525915704291
2011,-6.590812551095642,106.81306313915526
2012,-6.594637609560435,106.80639311216271
2013,-6.590864862376836,106.83105761726459
2014,-6.59051048401029,106.81753253676202
2015,-6.582485769001616,106.82717583916917
2016,-6.594220991790964,106.83866703322956
2017,-6.582702504984313,106.81848307397995
2018,-6.5924054584549365,106.82105567499558
2019,-6.591232091171736,106.82707998480736
2020,-6.60426377422603,106.8125851212435
2021,-6.5880830471327325,106.81755402035813
2022,-6.590069584113955,106.8247609148129
2023,-6.593041870944345,106.82176557701428
2024,-6.591486925285458,106.83013399703692
2025,-6.6067483093281245,106.85
2026,-6.587115156713615,106.82544486111692
2027,-6.593058465111614,106.81678191231904
2028,-6.598628395192666,106.83759059078474
2029,-6.602927312184336,106.80990287352644
2030,-6.593051911988836,106.81174356248802
2031,-6.581012381417478,106.81905257844629
2032,-6.594853603297,106.82192733704196
2033,-6.606613448492015,106.8188318793592
2034,-6.598237913247529,106.82424188544478
2035,-6.5978795941956365,106.82706174396158
2036,-6.587706615132993,106.8343745617248
2037,-6.586902964142977,106.82537166029769
2038,-6.596169977946967,106.81935787573909
2039,-6.584861947480443,106.83387446017113
2040,-6.602145836001742,106.81700286159891
2041,-6.589400538847281,106.80949972661152
2042,-6.595835698025683,106.8356359670099
2043,-6.581265506412651,106.83504573597163
2044,-6.592945751476898,106.81723689128637
2045,-6.586744909526531,106.82085730519825
2046,-6.577850680953897,106.81608935910586
2047,-6.600270688959107,106.82753945421769
2048,-6.608876987889088,106.84048000984879
2049,-6.6048711183901245,106.83100387380621
2050,-6.60136553091043,106.8340685489876
2051,-6.592786676438204,106.83207974692931
2052,-6.602337860019235,106.82453094043294
2053,-6.605609994253591,106.83450697495505
2054,-6.597099880174206,106.83139196168896
2055,-6.586756655609605,106.83778584071838
2056,-6.592119171351205,106.82030070654109
2057,-6.609358746257258,106.80852824563989
2058,-6.595443579511385,106.83415626376652
2059,-6.57,106.82775256631132
2060,-6.584528876226801,106.82180617107097
2061,-6.592705824583191,106.82232081266699
2062,-6.604137967376571,106.84805450137148
2063,-6.593890523153098,106.81861898260426
2064,-6.604283632655619,106.81667518400899
2065,-6.591909532228384,106.82531729841118
2066,-6.580650747848564,106.83540149484367
2067,-6.5921804168825195,106.8455105928193
2068,-6.598729227758469,106.83058477417842
2069,-6.598079482057861,106.81283465474813
2070,-6.586202789394146,106.84267891648639
2071,-6.593279301265528,106.82435277801508
2072,-6.617046420148704,106.81681876576803
2073,-6.5863737612087165,106.81459345138397
2074,-6.625221937135093,106.78097591398338
2075,-6.621826620994464,106.79340165124717
2076,-6.622430368492354,106.81232146183841
2077,-6.627780072886563,106.81569212235398
2078,-6.615911183929265,106.82019700243765
2079,-6.628232696077781,106.76839773885975
2080,-6.617519328308468,106.7797965838037
2081,-6.632766529263739,106.7958707482547
2082,-6.62387182323579,106.80197899599605
2083,-6.615240166775893,106.80409192436514
2084,-6.608959935537991,106.77477048813228
2085,-6.625066212721206,106.76050350594899
2086,-6.618343166729309,106.80464528093808
2087,-6.619585453667355,106.7739759091466
2088,-6.6248234049368095,106.79350520461064
2089,-6.626211183382972,106.79773399497834
2090,-6.627423250172097,106.7675423938916
2091,-6.613793375330799,106.79417667445006
2092,-6.628572171935016,106.7887855505225
2093,-6.61717901204853,106.78963134617692
2094,-6.607648223428159,106.82258824412408
2095,-6.613772923637,106.78892542966071
2096,-6.621708399682014,106.80389427543017
2097,-6.614907307701454,106.81899252960355
2098,-6.6199691459888665,106.80309307417636
2099,-6.622391597124072,106.80323820317355
2100,-6.619438732041914,106.77588474172022
2101,-6.617660272357262,106.8127073697687
2102,-6.61336232736407,106.80788938961305
2103,-6.620594159194522,106.78985797398964
2104,-6.608735251709142,106.81731538901009
2105,-6.616571248612746,106.8055882185905
2106,-6.615197288691101,106.82327200298073
2107,-6.619109193095363,106.77781710818952
2108,-6.61925720661103,106.79929813223362
2109,-6.625924458406972,106.79427784041255
2110,-6.629467641552959,106.77788747856927
2111,-6.614117635306275,106.80670084631608
2112,-6.631793821254472,106.79948498071293
2113,-6.616041081152609,106.81257613798519
2114,-6.621449853546264,106.81261440367285
2115,-6.623372463862888,106.81018870999536
2116,-6.634360911146873,106.80265959853115
2117,-6.61738791939762,106.80076550654617
2118,-6.610259420057712,106.78892154276123
2119,-6.628938609185018,106.809672234041
2120,-6.615733780779667,106.78837631852909
2121,-6.618414719590305,106.78546788465712
2122,-6.6141178011587405,106.80222574442917
2123,-6.618431112635486,106.80815104239817
2124,-6.615693900815521,106.7925015496749
2125,-6.624313372804138,106.79756671127801
2126,-6.620928564518631,106.79012242843592
2127,-6.616599336751317,106.76638773132744
2128,-6.626128548685471,106.79279072438983
2129,-6.62191849275148,106.80524040311676
2130,-6.60997921247283,106.80966647698534
2131,-6.62569571692302,106.80898604900541
2132,-6.621519982392877,106.81972440454388
2133,-6.628372360840247,106.77759318050431
2134,-6.621173628747701,106.83327585554787
2135,-6.615970539468367,106.78541330112691
2136,-6.619308545359855,106.80926502805916
2137,-6.62503776936539,106.80300985210016
2138,-6.616089715430198,106.80979131416244
2139,-6.617967456757964,106.76856862259709
2140,-6.619209707473359,106.79371093205435
2141,-6.613938108006519,106.78009703789458
2142,-6.616171621542985,106.77112476290446
2143,-6.6214499865682,106.7911239770473
2144,-6.627302595031952,106.81502601361075
2145,-6.622271664179489,106.79787845620773
2146,-6.62020885392683,106.80705223088428
2147,-6.615745729946742,106.80285330412278
2148,-6.626692759568367,106.79566208761679
2149,-6.622932876540841,106.79635735721118
2150,-6.616453439695397,106.78674988087819
2151,-6.625576071784765,106.78419624976502
2152,-6.623649283713446,106.79635717313383
2153,-6.615846540686573,106.78690184184914
2154,-6.619893376159566,106.80365979481158
2155,-6.617669259923095,106.77087408768755
2156,-6.635434657278959,106.80394385945311
2157,-6.623491126140283,106.77294227008107
2158,-6.621530746102778,106.81995833316623
2159,-6.62315539106942,106.8006883273724
2160,-6.628306614379974,106.79981898937022
2161,-6.619995651218664,106.78909109330267
2162,-6.617117277110147,106.7788406114113
2163,-6.625267138979738,106.81597172301564
2164,-6.619475332381181,106.81348462522452
2165,-6.614389735456472,106.81865405533402
2166,-6.613282826480504,106.77077903786665
2167,-6.629159757201013,106.78876373306778
2168,-6.621217538562421,106.81306935018358
2169,-6.617119220050734,106.801790850886
2170,-6.6191378441431965,106.77321356007418
2171,-6.625057802532061,106.79888932842996
2172,-6.618802172842965,106.79992820761464
2173,-6.612233071423624,106.80773900292145
2174,-6.62232106746237,106.81202501908831
2175,-6.62733595196147,106.77318608096698
2176,-6.626955883544454,106.76455800469085
2177,-6.617291045661734,106.81132507011327
2178,-6.627681591773673,106.76928834738077
2179,-6.6216795600989204,106.8025698847223
2180,-6.627522336706846,106.7846123068218
2181,-6.623729464227626,106.76919563488325
2182,-6.611822921813812,106.79654943035652
2183,-6.630395383090626,106.79976558902077
2184,-6.620763726546201,106.7799088079011
2185,-6.623747118720121,106.81351926914647
2186,-6.612831870050416,106.77382384943517
2187,-6.623341002521049,106.79148621229386
2188,-6.62673689771042,106.80415911772845
2189,-6.631467005154118,106.80462373052154
2190,-6.62842729573705,106.81832964264008
2191,-6.623618868706925,106.80342785529102
2192,-6.611693470563478,106.79864166947692
2193,-6.6212211084706185,106.8126634696892
2194,-6.617102500976819,106.79479750295994
2195,-6.621804734612435,106.78568041661441
2196,-6.613557637703097,106.79775234244183
2197,-6.619275179880614,106.78234214003565
2198,-6.617530547007921,106.80819352363656
2199,-6.61735448320645,106.77635080864997
2200,-6.617410911832291,106.79185545804143
2201,-6.619697462164158,106.76682054879957
2202,-6.622095776801074,106.75153764214295
2203,-6.60627166325512,106.80226833115518
2204,-6.606965278710222,106.80154407959965
2205,-6.61854483416344,106.79832868722606
2206,-6.61934563128083,106.78352092260836
2207,-6.621544095317246,106.77067728011427
2208,-6.616334432502365,106.80547920593449
2209,-6.62052324892267,106.78729271970447
2210,-6.6211884361991595,106.7963885161966
2211,-6.616295303971748,106.78312684027644
2212,-6.626228469655761,106.7674501749695
2213,-6.621475195012507,106.79822467629009
2214,-6.623577592933512,106.82336681641577
2215,-6.620860681427514,106.7809144532264
2216,-6.63242367712609,106.80864315428597
2217,-6.623858515020075,106.7965149435959
2218,-6.617696419141281,106.7801559156378
2219,-6.625134642834894,106.78876742801825
2220,-6.61116370084562,106.79578689318025
2221,-6.621149096275792,106.80412625013744
2222,-6.622283104875547,106.845
2223,-6.62121399376426,106.78171611029337
2224,-6.618572749484242,106.79844669244754
2225,-6.614717174838522,106.76738196004857
2226,-6.615983963560586,106.78699753391841
2227,-6.62104950772686,106.80351497019767
2228,-6.614141840714285,106.77523422020535
2229,-6.630528517580991,106.77375230265811
2230,-6.605462445765563,106.79785012373182
2231,-6.618631512688691,106.7730045585785
2232,-6.62109675650402,106.80376440927239
2233,-6.6233529041984065,106.79119006598282
2234,-6.6152646801477335,106.78394819287554
2235,-6.62691514240953,106.78019547456448
2236,-6.612548956563751,106.78306681832993
2237,-6.617252412032486,106.79984851904716
2238,-6.62399688772456,106.77476238847524
2239,-6.626380379639392,106.79618625961473
2240,-6.612491163657914,106.80400569868502
2241,-6.6355,106.80374734777477
2242,-6.615369427410515,106.75987818157354
2243,-6.613012928119233,106.80704757745838
2244,-6.623326161942309,106.77128114519591
2245,-6.618490269731946,106.81396799620447
2246,-6.617650623541561,106.78541680761076
2247,-6.623854235998894,106.7887729048316
2248,-6.6117905378614905,106.76548442538741
2249,-6.610797009233859,106.80550723018196
2250,-6.617074578093446,106.81036601608947
2251,-6.626594686406806,106.79604701971407
2252,-6.617321019061215,106.76471804745341
2253,-6.629556740471619,106.80954809267227
2254,-6.627294281547223,106.83952187049857
2255,-6.622077316633772,106.7929467123542
2256,-6.622399958259041,106.77729807303591
2257,-6.6220719548157145,106.81182827769871
2258,-6.6213770655341335,106.77908480846241
2259,-6.618388278049575,106.8122170520954
2260,-6.619047759218269,106.79657549410501
2261,-6.6143893670713245,106.78076002303627
2262,-6.607910797556738,106.81488252763398
2263,-6.626743392156407,106.79080550365447
2264,-6.62136309050024,106.77262943929635
2265,-6.620504758843198,106.78566252978865
2266,-6.622733667142035,106.80667195299283
2267,-6.6157620577086025,106.76728730237825
2268,-6.6147808826525125,106.78241835257211
2269,-6.618857411840896,106.82671866340702
2270,-6.628243742110444,106.77879792968115
2271,-6.6138280404384,106.80404697481444
2272,-6.6055410485444765,106.79054080676441
2273,-6.617506577992791,106.77626953221814
2274,-6.6269629048855885,106.80366409901833
2275,-6.610624205210689,106.82293987697633
2276,-6.61376244924843,106.76751898641419
2277,-6.621967078443738,106.77351567820683
2278,-6.6350730718757465,106.7955325061994
2279,-6.612751365224676,106.77898826534604
2280,-6.6125313233596605,106.80049450299838
2281,-6.622394130864353,106.79229241320006
2282,-6.62731507783243,106.79653555985935
2283,-6.616922994264366,106.79978321468487
2284,-6.611255819207169,106.78767862088762
2285,-6.622934261495778,106.81524682661808
2286,-6.623963325722895,106.79842258219696
2287,-6.630576748233306,106.7884669509109
2288,-6.624202593293471,106.76167013943517
2289,-6.62517498430443,106.81453198629562
2290,-6.618979811276525,106.78484261509315
2291,-6.634343417944773,106.7829150915502
2292,-6.618207003122662,106.82700482621105
2293,-6.616992188275782,106.78677761907937
2294,-6.630752110353343,106.7785157991304
2295,-6.612092044609991,106.78364490750499
2296,-6.6099714834512815,106.79547396138787
2297,-6.621148850005322,106.78813699797682
2298,-6.620459594673153,106.7910107266947
2299,-6.619174479102475,106.82371135134433
2300,-6.626117511938049,106.79059784719846
2301,-6.615308541117682,106.80045376442776
2302,-6.6208340950456375,106.80639400084725
2303,-6.618423144688535,106.75029327434898
2304,-6.615405074366085,106.77196740392411
2305,-6.620118053556166,106.81422662799181
2306,-6.625314375552719,106.78790139192724
2307,-6.6325196838024185,106.76835474677907
2308,-6.6237620363010254,106.8203124074329
2309,-6.6062015326320385,106.79264393681024
2310,-6.620252729836232,106.79181574494612
2311,-6.620752469084343,106.81641313047359
2312,-6.625789511260946,106.78732251239309
2313,-6.621519655184362,106.77436581051597
2314,-6.627590195220982,106.76747497526073
2315,-6.622695147977546,106.7983835952903
2316,-6.6293274008735645,106.75
2317,-6.617976269628039,106.83019254043667
2318,-6.621289700620343,106.78773289388594
2319,-6.625166889287955,106.81883672439248
2320,-6.617217944667003,106.79241178959732
2321,-6.615980180179474,106.80317696111837
2322,-6.61689314166037,106.78508313583913
2323,-6.616212011970961,106.79622940882045
2324,-6.623438943554981,106.80852494743006
2325,-6.610043085520037,106.8073695624317
2326,-6.611627594691472,106.76001059659221
2327,-6.631054601104306,106.78619737446364
2328,-6.616349068654815,106.82393421006056
2329,-6.621606055698444,106.78431086026583
2330,-6.612007322774298,106.79742177553571
2331,-6.621004327818789,106.79391696203132
2332,-6.616383675649468,106.77957803491687
2333,-6.6115871379808775,106.77318778057636
2334,-6.628066571508086,106.80910232220583
2335,-6.627189444102514,106.79452096776917
2336,-6.619859414240592,106.803602655365
2337,-6.626148704986942,106.78350052221725
2338,-6.631285006636094,106.79808355805326
2339,-6.6247545320739025,106.7934834212544
2340,-6.6231952636804,106.79875139838225
2341,-6.621600002910401,106.7958642695629
2342,-6.624160259777109,106.7640171968277
2343,-6.618401474643692,106.75195009109154
2344,-6.618897467095174,106.78736574637341
2345,-6.623031672538904,106.79575611060207
2346,-6.617776704655075,106.82206127436454
2347,-6.618390789874106,106.80737180050676
2348,-6.620470523272661,106.79622686427629
2349,-6.627007840364446,106.80657411614771
2350,-6.614033051134127,106.80472456291753
2351,-6.6247835276486455,106.76629059446233
2352,-6.624968880352012,106.79349152325116
2353,-6.624934873717064,106.79191882107607
2354,-6.615885090888637,106.80585526491978
2355,-6.610850725095581,106.7732877211159
2356,-6.623649985001236,106.79773662779765
2357,-6.621535159902406,106.80315861577697
2358,-6.62617687677801,106.82179946663088
2359,-6.616488631322722,106.7950725188642
2360,-6.624788868521329,106.80370724869563
2361,-6.626461205570835,106.76437020174447
2362,-6.619927860876705,106.76156816691682
2363,-6.622838682713382,106.81572347945516
2364,-6.622640003674153,106.81373384469056
2365,-6.615801425950466,106.79885767791868
2366,-6.623487442255841,106.8083500163853
2367,-6.629689380456864,106.79017405243631
2368,-6.6205956373738255,106.79974240100692
2369,-6.612167692566701,106.78906399883714
2370,-6.616564267669048,106.77612725717248
2371,-6.61035777673165,106.81271496574776
2372,-6.627801427942977,106.77649452629684
2373,-6.624811524369399,106.80681311719005
2374,-6.617620409688371,106.75621126846127
2375,-6.61241127490214,106.76548883834654
2376,-6.6157342274306385,106.79598669356565
2377,-6.616842425718321,106.81094498563996
2378,-6.621091176018139,106.81430918266295
2379,-6.620899968329876,106.77863287221209
2380,-6.62809220851937,106.79453259513093
2381,-6.616532852710031,106.77769653783784
2382,-6.61189911897738,106.75523082907208
2383,-6.613894881663425,106.80754705613997
2384,-6.62033862279848,106.81563303969344
2385,-6.616328717499503,106.7906112153417
2386,-6.618810111188093,106.77386433194077
2387,-6.61788939682857,106.81053830528246
2388,-6.62609653594439,106.79338891862331
2389,-6.617134004307166,106.76990213052937
2390,-6.618325199656827,106.8227162548352
2391,-6.624545457921351,106.78985921036764
2392,-6.617258928078092,106.80349699078003
2393,-6.622874385404116,106.79181426995136
2394,-6.622353142068617,106.78151449550644
2395,-6.621275053247974,106.79011439655866
2396,-6.614023205393101,106.81176525207572
2397,-6.627457708457694,106.80281359093678
2398,-6.633088595519019,106.76890756481376
2399,-6.620519628825346,106.78821275020204
2400,-6.614523505127572,106.77921870351807
2401,-6.620634839958168,106.7895957950542
2402,-6.626094386163575,106.7797674898436
2403,-6.61697363162041,106.80096513535096
2404,-6.619736987281279,106.80749655706273
2405,-6.6224052445991894,106.78056628878741
2406,-6.627305834675889,106.77417010260032
2407,-6.624875841882134,106.81007788038043
2408,-6.625111350571643,106.80412735987952
2409,-6.618047172791994,106.79686864199945
2410,-6.622753384616284,106.76550908801514
2411,-6.616366874302697,106.78409369374562
2412,-6.625274201653111,106.81728536804307
2413,-6.627011318593648,106.79563322637877
2414,-6.623613975268744,106.79832229648292
2415,-6.6183816357847896,106.81463285705239
2416,-6.619311774211069,106.79584092032495
2417,-6.630735070064683,106.79909894090498
2418,-6.618476535074535,106.80035812522927
2419,-6.626436100406075,106.8011627367113
2420,-6.622395228898593,106.76811963120336
2421,-6.618570717533698,106.80039454194535
2422,-6.612828435526607,106.79312429031108
2423,-6.621671890976912,106.79503141313647
2424,-6.620987147209115,106.8028799086404
2425,-6.630735174968851,106.79259958811816
2426,-6.615581379860628,106.79284852512914
2427,-6.633509585612402,106.79259515966963
2428,-6.622622069974801,106.8091097162784
2429,-6.622616493647509,106.79762311543091
2430,-6.617099304152645,106.78062566164773
2431,-6.622257794924692,106.79716042354266
2432,-6.623157595169894,106.79115253158045
2433,-6.625795865948765,106.79106010728759
2434,-6.6149101037316544,106.78665691345832
2435,-6.6284635563957925,106.78417256594486
2436,-6.622523222092418,106.79706077193327
2437,-6.6239257498906845,106.81002606724235
2438,-6.619213948461002,106.81543213825383
2439,-6.615195251333061,106.77609924208443
2440,-6.620882723424613,106.78045104207801
2441,-6.621533777711377,106.78257713020876
2442,-6.612596705705021,106.77973077648893
2443,-6.624977341616492,106.79683926291806
2444,-6.626132257439018,106.80498794846736
2445,-6.616323111346811,106.81124087849777
2446,-6.614658576484056,106.81315691502682
2447,-6.6187478712439916,106.77267894521928
2448,-6.620605247478316,106.80267110897867
2449,-6.61896829920388,106.77544546498154
2450,-6.620123294288926,106.79728475365006
2451,-6.621728019264256,106.8058913308569
2452,-6.6126942143460035,106.81324511324922
2453,-6.613347555225915,106.8043420962487
2454,-6.605,106.76905449493586
2455,-6.625825517102388,106.81306651632838
2456,-6.620555990754624,106.7567694284027
2457,-6.626423922510212,106.8087821350201
2458,-6.614004216530177,106.78080807835936
2459,-6.620608158319197,106.7965525028829
2460,-6.621690223576631,106.79963575155648
2461,-6.617277108900862,106.81635909957443
2462,-6.611642041012611,106.7957283785495
2463,-6.630390452908018,106.81436933249688
2464,-6.628420951441077,106.8235727570112
2465,-6.618299115673813,106.79189443261458
2466,-6.623368853492754,106.80517343921078
2467,-6.617714618282612,106.76437426851341
2468,-6.614813037953849,106.77640992138245
2469,-6.630852956108567,106.76414415850292
2470,-6.6110627563422595,106.80597296706388
2471,-6.618847075274948,106.79160355052744
2472,-6.62094863638581,106.84008914608644
2473,-6.62985268675233,106.79895410613408
2474,-6.6255643668557225,106.7922655363662
2475,-6.610966829927172,106.7912885510254
2476,-6.620453834177727,106.79474304185776
2477,-6.620589138042695,106.79282668179222
2478,-6.619171919947595,106.84171725789983
2479,-6.623991554954156,106.78949156178894
2480,-6.612462150684081,106.7854953458989
2481,-6.6181473710648335,106.7704652542291
2482,-6.623190371059591,106.78751267362979
2483,-6.624331181150273,106.79629723273345
2484,-6.621318545247946,106.77456462875651
2485,-6.618830661228283,106.83545769000305
2486,-6.619787890999929,106.8030545828765
